comparison,outcome,block,order,position,label,variant,eager,elapsed_ns,checksum,status,error
startup_eager_over_lazy,startup,0,ABBA,0,A,lazy,0,1747378,,ok,
startup_eager_over_lazy,startup,0,ABBA,1,B,same_image_eager,1,1922118,,ok,
startup_eager_over_lazy,startup,0,ABBA,2,B,same_image_eager,1,1846518,,ok,
startup_eager_over_lazy,startup,0,ABBA,3,A,lazy,0,1892778,,ok,
startup_eager_over_lazy,startup,1,BAAB,0,B,same_image_eager,1,1857858,,ok,
startup_eager_over_lazy,startup,1,BAAB,1,A,lazy,0,1652247,,ok,
startup_eager_over_lazy,startup,1,BAAB,2,A,lazy,0,1614617,,ok,
startup_eager_over_lazy,startup,1,BAAB,3,B,same_image_eager,1,1883248,,ok,
startup_eager_over_lazy,startup,2,ABBA,0,A,lazy,0,1640298,,ok,
startup_eager_over_lazy,startup,2,ABBA,1,B,same_image_eager,1,1849458,,ok,
startup_eager_over_lazy,startup,2,ABBA,2,B,same_image_eager,1,1991738,,ok,
startup_eager_over_lazy,startup,2,ABBA,3,A,lazy,0,1654237,,ok,
startup_eager_over_lazy,startup,3,BAAB,0,B,same_image_eager,1,1860277,,ok,
startup_eager_over_lazy,startup,3,BAAB,1,A,lazy,0,1640777,,ok,
startup_eager_over_lazy,startup,3,BAAB,2,A,lazy,0,1624007,,ok,
startup_eager_over_lazy,startup,3,BAAB,3,B,same_image_eager,1,1878477,,ok,
startup_eager_over_lazy,startup,4,ABBA,0,A,lazy,0,1654877,,ok,
startup_eager_over_lazy,startup,4,ABBA,1,B,same_image_eager,1,1906388,,ok,
startup_eager_over_lazy,startup,4,ABBA,2,B,same_image_eager,1,1848988,,ok,
startup_eager_over_lazy,startup,4,ABBA,3,A,lazy,0,1655556,,ok,
startup_eager_over_lazy,startup,5,BAAB,0,B,same_image_eager,1,1868968,,ok,
startup_eager_over_lazy,startup,5,BAAB,1,A,lazy,0,1712597,,ok,
startup_eager_over_lazy,startup,5,BAAB,2,A,lazy,0,1666857,,ok,
startup_eager_over_lazy,startup,5,BAAB,3,B,same_image_eager,1,1860908,,ok,
startup_eager_over_lazy,startup,6,ABBA,0,A,lazy,0,1622357,,ok,
startup_eager_over_lazy,startup,6,ABBA,1,B,same_image_eager,1,1846007,,ok,
startup_eager_over_lazy,startup,6,ABBA,2,B,same_image_eager,1,1893258,,ok,
startup_eager_over_lazy,startup,6,ABBA,3,A,lazy,0,1623856,,ok,
startup_eager_over_lazy,startup,7,BAAB,0,B,same_image_eager,1,1829238,,ok,
startup_eager_over_lazy,startup,7,BAAB,1,A,lazy,0,1634027,,ok,
startup_eager_over_lazy,startup,7,BAAB,2,A,lazy,0,1613316,,ok,
startup_eager_over_lazy,startup,7,BAAB,3,B,same_image_eager,1,2024978,,ok,
startup_eager_over_lazy,startup,8,ABBA,0,A,lazy,0,1620387,,ok,
startup_eager_over_lazy,startup,8,ABBA,1,B,same_image_eager,1,1845607,,ok,
startup_eager_over_lazy,startup,8,ABBA,2,B,same_image_eager,1,1828057,,ok,
startup_eager_over_lazy,startup,8,ABBA,3,A,lazy,0,1616507,,ok,
startup_eager_over_lazy,startup,9,BAAB,0,B,same_image_eager,1,1848157,,ok,
startup_eager_over_lazy,startup,9,BAAB,1,A,lazy,0,1622307,,ok,
startup_eager_over_lazy,startup,9,BAAB,2,A,lazy,0,1638447,,ok,
startup_eager_over_lazy,startup,9,BAAB,3,B,same_image_eager,1,1847388,,ok,
startup_eager_over_lazy,startup,10,ABBA,0,A,lazy,0,1661937,,ok,
startup_eager_over_lazy,startup,10,ABBA,1,B,same_image_eager,1,1887748,,ok,
startup_eager_over_lazy,startup,10,ABBA,2,B,same_image_eager,1,1842857,,ok,
startup_eager_over_lazy,startup,10,ABBA,3,A,lazy,0,1620637,,ok,
startup_eager_over_lazy,startup,11,BAAB,0,B,same_image_eager,1,1855088,,ok,
startup_eager_over_lazy,startup,11,BAAB,1,A,lazy,0,1617236,,ok,
startup_eager_over_lazy,startup,11,BAAB,2,A,lazy,0,1640547,,ok,
startup_eager_over_lazy,startup,11,BAAB,3,B,same_image_eager,1,1843517,,ok,
startup_aa,startup,0,ABBA,0,A,lazy,0,1631067,,ok,
startup_aa,startup,0,ABBA,1,B,lazy_b,0,1617826,,ok,
startup_aa,startup,0,ABBA,2,B,lazy_b,0,1620727,,ok,
startup_aa,startup,0,ABBA,3,A,lazy,0,1638967,,ok,
startup_aa,startup,1,BAAB,0,B,lazy_b,0,1643507,,ok,
startup_aa,startup,1,BAAB,1,A,lazy,0,1625477,,ok,
startup_aa,startup,1,BAAB,2,A,lazy,0,1631926,,ok,
startup_aa,startup,1,BAAB,3,B,lazy_b,0,1630417,,ok,
startup_aa,startup,2,ABBA,0,A,lazy,0,1613116,,ok,
startup_aa,startup,2,ABBA,1,B,lazy_b,0,2103449,,ok,
startup_aa,startup,2,ABBA,2,B,lazy_b,0,1616527,,ok,
startup_aa,startup,2,ABBA,3,A,lazy,0,1638296,,ok,
startup_aa,startup,3,BAAB,0,B,lazy_b,0,1636827,,ok,
startup_aa,startup,3,BAAB,1,A,lazy,0,1663046,,ok,
startup_aa,startup,3,BAAB,2,A,lazy,0,1649837,,ok,
startup_aa,startup,3,BAAB,3,B,lazy_b,0,1657336,,ok,
startup_aa,startup,4,ABBA,0,A,lazy,0,1608247,,ok,
startup_aa,startup,4,ABBA,1,B,lazy_b,0,1682217,,ok,
startup_aa,startup,4,ABBA,2,B,lazy_b,0,1652847,,ok,
startup_aa,startup,4,ABBA,3,A,lazy,0,1623296,,ok,
startup_aa,startup,5,BAAB,0,B,lazy_b,0,1653557,,ok,
startup_aa,startup,5,BAAB,1,A,lazy,0,1615227,,ok,
startup_aa,startup,5,BAAB,2,A,lazy,0,1648517,,ok,
startup_aa,startup,5,BAAB,3,B,lazy_b,0,1654097,,ok,
startup_aa,startup,6,ABBA,0,A,lazy,0,1626127,,ok,
startup_aa,startup,6,ABBA,1,B,lazy_b,0,1616327,,ok,
startup_aa,startup,6,ABBA,2,B,lazy_b,0,1697077,,ok,
startup_aa,startup,6,ABBA,3,A,lazy,0,1608806,,ok,
startup_aa,startup,7,BAAB,0,B,lazy_b,0,1617947,,ok,
startup_aa,startup,7,BAAB,1,A,lazy,0,1616717,,ok,
startup_aa,startup,7,BAAB,2,A,lazy,0,1617926,,ok,
startup_aa,startup,7,BAAB,3,B,lazy_b,0,1632157,,ok,
startup_aa,startup,8,ABBA,0,A,lazy,0,1613527,,ok,
startup_aa,startup,8,ABBA,1,B,lazy_b,0,1632006,,ok,
startup_aa,startup,8,ABBA,2,B,lazy_b,0,1613487,,ok,
startup_aa,startup,8,ABBA,3,A,lazy,0,1627226,,ok,
startup_aa,startup,9,BAAB,0,B,lazy_b,0,1621617,,ok,
startup_aa,startup,9,BAAB,1,A,lazy,0,1660717,,ok,
startup_aa,startup,9,BAAB,2,A,lazy,0,1624407,,ok,
startup_aa,startup,9,BAAB,3,B,lazy_b,0,1632447,,ok,
startup_aa,startup,10,ABBA,0,A,lazy,0,1617486,,ok,
startup_aa,startup,10,ABBA,1,B,lazy_b,0,1623527,,ok,
startup_aa,startup,10,ABBA,2,B,lazy_b,0,1636027,,ok,
startup_aa,startup,10,ABBA,3,A,lazy,0,1614577,,ok,
startup_aa,startup,11,BAAB,0,B,lazy_b,0,1608747,,ok,
startup_aa,startup,11,BAAB,1,A,lazy,0,1610636,,ok,
startup_aa,startup,11,BAAB,2,A,lazy,0,1610607,,ok,
startup_aa,startup,11,BAAB,3,B,lazy_b,0,1626577,,ok,
first_use_eager_over_lazy,first_use,0,ABBA,0,A,lazy,0,1038630,8419328,ok,
first_use_eager_over_lazy,first_use,0,ABBA,1,B,same_image_eager,1,70960,8419328,ok,
first_use_eager_over_lazy,first_use,0,ABBA,2,B,same_image_eager,1,72850,8419328,ok,
first_use_eager_over_lazy,first_use,0,ABBA,3,A,lazy,0,900910,8419328,ok,
first_use_eager_over_lazy,first_use,1,BAAB,0,B,same_image_eager,1,73910,8419328,ok,
first_use_eager_over_lazy,first_use,1,BAAB,1,A,lazy,0,894450,8419328,ok,
first_use_eager_over_lazy,first_use,1,BAAB,2,A,lazy,0,890220,8419328,ok,
first_use_eager_over_lazy,first_use,1,BAAB,3,B,same_image_eager,1,69940,8419328,ok,
first_use_eager_over_lazy,first_use,2,ABBA,0,A,lazy,0,884750,8419328,ok,
first_use_eager_over_lazy,first_use,2,ABBA,1,B,same_image_eager,1,71400,8419328,ok,
first_use_eager_over_lazy,first_use,2,ABBA,2,B,same_image_eager,1,70440,8419328,ok,
first_use_eager_over_lazy,first_use,2,ABBA,3,A,lazy,0,890490,8419328,ok,
first_use_eager_over_lazy,first_use,3,BAAB,0,B,same_image_eager,1,70970,8419328,ok,
first_use_eager_over_lazy,first_use,3,BAAB,1,A,lazy,0,891320,8419328,ok,
first_use_eager_over_lazy,first_use,3,BAAB,2,A,lazy,0,908030,8419328,ok,
first_use_eager_over_lazy,first_use,3,BAAB,3,B,same_image_eager,1,70960,8419328,ok,
first_use_eager_over_lazy,first_use,4,ABBA,0,A,lazy,0,897210,8419328,ok,
first_use_eager_over_lazy,first_use,4,ABBA,1,B,same_image_eager,1,71070,8419328,ok,
first_use_eager_over_lazy,first_use,4,ABBA,2,B,same_image_eager,1,70000,8419328,ok,
first_use_eager_over_lazy,first_use,4,ABBA,3,A,lazy,0,884710,8419328,ok,
first_use_eager_over_lazy,first_use,5,BAAB,0,B,same_image_eager,1,70870,8419328,ok,
first_use_eager_over_lazy,first_use,5,BAAB,1,A,lazy,0,887680,8419328,ok,
first_use_eager_over_lazy,first_use,5,BAAB,2,A,lazy,0,899540,8419328,ok,
first_use_eager_over_lazy,first_use,5,BAAB,3,B,same_image_eager,1,70240,8419328,ok,
first_use_eager_over_lazy,first_use,6,ABBA,0,A,lazy,0,881220,8419328,ok,
first_use_eager_over_lazy,first_use,6,ABBA,1,B,same_image_eager,1,79480,8419328,ok,
first_use_eager_over_lazy,first_use,6,ABBA,2,B,same_image_eager,1,70850,8419328,ok,
first_use_eager_over_lazy,first_use,6,ABBA,3,A,lazy,0,899070,8419328,ok,
first_use_eager_over_lazy,first_use,7,BAAB,0,B,same_image_eager,1,72240,8419328,ok,
first_use_eager_over_lazy,first_use,7,BAAB,1,A,lazy,0,896110,8419328,ok,
first_use_eager_over_lazy,first_use,7,BAAB,2,A,lazy,0,886260,8419328,ok,
first_use_eager_over_lazy,first_use,7,BAAB,3,B,same_image_eager,1,72500,8419328,ok,
first_use_eager_over_lazy,first_use,8,ABBA,0,A,lazy,0,887120,8419328,ok,
first_use_eager_over_lazy,first_use,8,ABBA,1,B,same_image_eager,1,71620,8419328,ok,
first_use_eager_over_lazy,first_use,8,ABBA,2,B,same_image_eager,1,71420,8419328,ok,
first_use_eager_over_lazy,first_use,8,ABBA,3,A,lazy,0,891610,8419328,ok,
first_use_eager_over_lazy,first_use,9,BAAB,0,B,same_image_eager,1,70760,8419328,ok,
first_use_eager_over_lazy,first_use,9,BAAB,1,A,lazy,0,900620,8419328,ok,
first_use_eager_over_lazy,first_use,9,BAAB,2,A,lazy,0,895690,8419328,ok,
first_use_eager_over_lazy,first_use,9,BAAB,3,B,same_image_eager,1,71380,8419328,ok,
first_use_eager_over_lazy,first_use,10,ABBA,0,A,lazy,0,903450,8419328,ok,
first_use_eager_over_lazy,first_use,10,ABBA,1,B,same_image_eager,1,71000,8419328,ok,
first_use_eager_over_lazy,first_use,10,ABBA,2,B,same_image_eager,1,70530,8419328,ok,
first_use_eager_over_lazy,first_use,10,ABBA,3,A,lazy,0,895320,8419328,ok,
first_use_eager_over_lazy,first_use,11,BAAB,0,B,same_image_eager,1,71410,8419328,ok,
first_use_eager_over_lazy,first_use,11,BAAB,1,A,lazy,0,880340,8419328,ok,
first_use_eager_over_lazy,first_use,11,BAAB,2,A,lazy,0,886290,8419328,ok,
first_use_eager_over_lazy,first_use,11,BAAB,3,B,same_image_eager,1,71510,8419328,ok,
first_use_aa,first_use,0,ABBA,0,A,lazy,0,900840,8419328,ok,
first_use_aa,first_use,0,ABBA,1,B,lazy_b,0,900930,8419328,ok,
first_use_aa,first_use,0,ABBA,2,B,lazy_b,0,894940,8419328,ok,
first_use_aa,first_use,0,ABBA,3,A,lazy,0,892710,8419328,ok,
first_use_aa,first_use,1,BAAB,0,B,lazy_b,0,887150,8419328,ok,
first_use_aa,first_use,1,BAAB,1,A,lazy,0,884290,8419328,ok,
first_use_aa,first_use,1,BAAB,2,A,lazy,0,892199,8419328,ok,
first_use_aa,first_use,1,BAAB,3,B,lazy_b,0,895750,8419328,ok,
first_use_aa,first_use,2,ABBA,0,A,lazy,0,887770,8419328,ok,
first_use_aa,first_use,2,ABBA,1,B,lazy_b,0,896790,8419328,ok,
first_use_aa,first_use,2,ABBA,2,B,lazy_b,0,908080,8419328,ok,
first_use_aa,first_use,2,ABBA,3,A,lazy,0,888780,8419328,ok,
first_use_aa,first_use,3,BAAB,0,B,lazy_b,0,894810,8419328,ok,
first_use_aa,first_use,3,BAAB,1,A,lazy,0,889030,8419328,ok,
first_use_aa,first_use,3,BAAB,2,A,lazy,0,890480,8419328,ok,
first_use_aa,first_use,3,BAAB,3,B,lazy_b,0,896910,8419328,ok,
first_use_aa,first_use,4,ABBA,0,A,lazy,0,901640,8419328,ok,
first_use_aa,first_use,4,ABBA,1,B,lazy_b,0,917990,8419328,ok,
first_use_aa,first_use,4,ABBA,2,B,lazy_b,0,889760,8419328,ok,
first_use_aa,first_use,4,ABBA,3,A,lazy,0,899220,8419328,ok,
first_use_aa,first_use,5,BAAB,0,B,lazy_b,0,891870,8419328,ok,
first_use_aa,first_use,5,BAAB,1,A,lazy,0,898370,8419328,ok,
first_use_aa,first_use,5,BAAB,2,A,lazy,0,890620,8419328,ok,
first_use_aa,first_use,5,BAAB,3,B,lazy_b,0,901570,8419328,ok,
first_use_aa,first_use,6,ABBA,0,A,lazy,0,917900,8419328,ok,
first_use_aa,first_use,6,ABBA,1,B,lazy_b,0,891220,8419328,ok,
first_use_aa,first_use,6,ABBA,2,B,lazy_b,0,930210,8419328,ok,
first_use_aa,first_use,6,ABBA,3,A,lazy,0,897540,8419328,ok,
first_use_aa,first_use,7,BAAB,0,B,lazy_b,0,881240,8419328,ok,
first_use_aa,first_use,7,BAAB,1,A,lazy,0,892290,8419328,ok,
first_use_aa,first_use,7,BAAB,2,A,lazy,0,894900,8419328,ok,
first_use_aa,first_use,7,BAAB,3,B,lazy_b,0,904800,8419328,ok,
first_use_aa,first_use,8,ABBA,0,A,lazy,0,888490,8419328,ok,
first_use_aa,first_use,8,ABBA,1,B,lazy_b,0,881380,8419328,ok,
first_use_aa,first_use,8,ABBA,2,B,lazy_b,0,925360,8419328,ok,
first_use_aa,first_use,8,ABBA,3,A,lazy,0,896850,8419328,ok,
first_use_aa,first_use,9,BAAB,0,B,lazy_b,0,882430,8419328,ok,
first_use_aa,first_use,9,BAAB,1,A,lazy,0,891580,8419328,ok,
first_use_aa,first_use,9,BAAB,2,A,lazy,0,899630,8419328,ok,
first_use_aa,first_use,9,BAAB,3,B,lazy_b,0,887100,8419328,ok,
first_use_aa,first_use,10,ABBA,0,A,lazy,0,893340,8419328,ok,
first_use_aa,first_use,10,ABBA,1,B,lazy_b,0,903440,8419328,ok,
first_use_aa,first_use,10,ABBA,2,B,lazy_b,0,888910,8419328,ok,
first_use_aa,first_use,10,ABBA,3,A,lazy,0,890990,8419328,ok,
first_use_aa,first_use,11,BAAB,0,B,lazy_b,0,896630,8419328,ok,
first_use_aa,first_use,11,BAAB,1,A,lazy,0,879410,8419328,ok,
first_use_aa,first_use,11,BAAB,2,A,lazy,0,909049,8419328,ok,
first_use_aa,first_use,11,BAAB,3,B,lazy_b,0,888090,8419328,ok,
steady_eager_over_lazy,steady,0,ABBA,0,A,lazy,0,68008676,25624938568,ok,
steady_eager_over_lazy,steady,0,ABBA,1,B,same_image_eager,1,61108246,25624938568,ok,
steady_eager_over_lazy,steady,0,ABBA,2,B,same_image_eager,1,61022396,25624938568,ok,
steady_eager_over_lazy,steady,0,ABBA,3,A,lazy,0,67889526,25624938568,ok,
steady_eager_over_lazy,steady,1,BAAB,0,B,same_image_eager,1,61022276,25624938568,ok,
steady_eager_over_lazy,steady,1,BAAB,1,A,lazy,0,67905816,25624938568,ok,
steady_eager_over_lazy,steady,1,BAAB,2,A,lazy,0,61026546,25624938568,ok,
steady_eager_over_lazy,steady,1,BAAB,3,B,same_image_eager,1,61064616,25624938568,ok,
steady_eager_over_lazy,steady,2,ABBA,0,A,lazy,0,64525676,25624938568,ok,
steady_eager_over_lazy,steady,2,ABBA,1,B,same_image_eager,1,61023696,25624938568,ok,
steady_eager_over_lazy,steady,2,ABBA,2,B,same_image_eager,1,61113357,25624938568,ok,
steady_eager_over_lazy,steady,2,ABBA,3,A,lazy,0,67825896,25624938568,ok,
steady_eager_over_lazy,steady,3,BAAB,0,B,same_image_eager,1,61062567,25624938568,ok,
steady_eager_over_lazy,steady,3,BAAB,1,A,lazy,0,68114776,25624938568,ok,
steady_eager_over_lazy,steady,3,BAAB,2,A,lazy,0,67831496,25624938568,ok,
steady_eager_over_lazy,steady,3,BAAB,3,B,same_image_eager,1,61124936,25624938568,ok,
steady_eager_over_lazy,steady,4,ABBA,0,A,lazy,0,67918596,25624938568,ok,
steady_eager_over_lazy,steady,4,ABBA,1,B,same_image_eager,1,61140526,25624938568,ok,
steady_eager_over_lazy,steady,4,ABBA,2,B,same_image_eager,1,61120736,25624938568,ok,
steady_eager_over_lazy,steady,4,ABBA,3,A,lazy,0,67880336,25624938568,ok,
steady_eager_over_lazy,steady,5,BAAB,0,B,same_image_eager,1,61047416,25624938568,ok,
steady_eager_over_lazy,steady,5,BAAB,1,A,lazy,0,67893086,25624938568,ok,
steady_eager_over_lazy,steady,5,BAAB,2,A,lazy,0,67923466,25624938568,ok,
steady_eager_over_lazy,steady,5,BAAB,3,B,same_image_eager,1,61181347,25624938568,ok,
steady_eager_over_lazy,steady,6,ABBA,0,A,lazy,0,67895446,25624938568,ok,
steady_eager_over_lazy,steady,6,ABBA,1,B,same_image_eager,1,61052116,25624938568,ok,
steady_eager_over_lazy,steady,6,ABBA,2,B,same_image_eager,1,61027006,25624938568,ok,
steady_eager_over_lazy,steady,6,ABBA,3,A,lazy,0,67824526,25624938568,ok,
steady_eager_over_lazy,steady,7,BAAB,0,B,same_image_eager,1,61151746,25624938568,ok,
steady_eager_over_lazy,steady,7,BAAB,1,A,lazy,0,67892026,25624938568,ok,
steady_eager_over_lazy,steady,7,BAAB,2,A,lazy,0,67918625,25624938568,ok,
steady_eager_over_lazy,steady,7,BAAB,3,B,same_image_eager,1,61047697,25624938568,ok,
steady_eager_over_lazy,steady,8,ABBA,0,A,lazy,0,67874436,25624938568,ok,
steady_eager_over_lazy,steady,8,ABBA,1,B,same_image_eager,1,61122006,25624938568,ok,
steady_eager_over_lazy,steady,8,ABBA,2,B,same_image_eager,1,61173957,25624938568,ok,
steady_eager_over_lazy,steady,8,ABBA,3,A,lazy,0,67831866,25624938568,ok,
steady_eager_over_lazy,steady,9,BAAB,0,B,same_image_eager,1,61178316,25624938568,ok,
steady_eager_over_lazy,steady,9,BAAB,1,A,lazy,0,67868576,25624938568,ok,
steady_eager_over_lazy,steady,9,BAAB,2,A,lazy,0,67893696,25624938568,ok,
steady_eager_over_lazy,steady,9,BAAB,3,B,same_image_eager,1,61097726,25624938568,ok,
steady_eager_over_lazy,steady,10,ABBA,0,A,lazy,0,67811606,25624938568,ok,
steady_eager_over_lazy,steady,10,ABBA,1,B,same_image_eager,1,61098806,25624938568,ok,
steady_eager_over_lazy,steady,10,ABBA,2,B,same_image_eager,1,61100836,25624938568,ok,
steady_eager_over_lazy,steady,10,ABBA,3,A,lazy,0,67975676,25624938568,ok,
steady_eager_over_lazy,steady,11,BAAB,0,B,same_image_eager,1,61132126,25624938568,ok,
steady_eager_over_lazy,steady,11,BAAB,1,A,lazy,0,67881876,25624938568,ok,
steady_eager_over_lazy,steady,11,BAAB,2,A,lazy,0,67890166,25624938568,ok,
steady_eager_over_lazy,steady,11,BAAB,3,B,same_image_eager,1,61111257,25624938568,ok,
steady_aa,steady,0,ABBA,0,A,lazy,0,67890186,25624938568,ok,
steady_aa,steady,0,ABBA,1,B,lazy_b,0,67995226,25624938568,ok,
steady_aa,steady,0,ABBA,2,B,lazy_b,0,68119866,25624938568,ok,
steady_aa,steady,0,ABBA,3,A,lazy,0,67973566,25624938568,ok,
steady_aa,steady,1,BAAB,0,B,lazy_b,0,67895926,25624938568,ok,
steady_aa,steady,1,BAAB,1,A,lazy,0,67807006,25624938568,ok,
steady_aa,steady,1,BAAB,2,A,lazy,0,68150216,25624938568,ok,
steady_aa,steady,1,BAAB,3,B,lazy_b,0,67895345,25624938568,ok,
steady_aa,steady,2,ABBA,0,A,lazy,0,67982486,25624938568,ok,
steady_aa,steady,2,ABBA,1,B,lazy_b,0,67990456,25624938568,ok,
steady_aa,steady,2,ABBA,2,B,lazy_b,0,67918916,25624938568,ok,
steady_aa,steady,2,ABBA,3,A,lazy,0,67896856,25624938568,ok,
steady_aa,steady,3,BAAB,0,B,lazy_b,0,67894276,25624938568,ok,
steady_aa,steady,3,BAAB,1,A,lazy,0,67903286,25624938568,ok,
steady_aa,steady,3,BAAB,2,A,lazy,0,67897876,25624938568,ok,
steady_aa,steady,3,BAAB,3,B,lazy_b,0,67946766,25624938568,ok,
steady_aa,steady,4,ABBA,0,A,lazy,0,67864836,25624938568,ok,
steady_aa,steady,4,ABBA,1,B,lazy_b,0,64200006,25624938568,ok,
steady_aa,steady,4,ABBA,2,B,lazy_b,0,67746496,25624938568,ok,
steady_aa,steady,4,ABBA,3,A,lazy,0,67904496,25624938568,ok,
steady_aa,steady,5,BAAB,0,B,lazy_b,0,67892606,25624938568,ok,
steady_aa,steady,5,BAAB,1,A,lazy,0,67824875,25624938568,ok,
steady_aa,steady,5,BAAB,2,A,lazy,0,67870396,25624938568,ok,
steady_aa,steady,5,BAAB,3,B,lazy_b,0,67877346,25624938568,ok,
steady_aa,steady,6,ABBA,0,A,lazy,0,67892806,25624938568,ok,
steady_aa,steady,6,ABBA,1,B,lazy_b,0,67890276,25624938568,ok,
steady_aa,steady,6,ABBA,2,B,lazy_b,0,67817646,25624938568,ok,
steady_aa,steady,6,ABBA,3,A,lazy,0,67877666,25624938568,ok,
steady_aa,steady,7,BAAB,0,B,lazy_b,0,67890706,25624938568,ok,
steady_aa,steady,7,BAAB,1,A,lazy,0,67897136,25624938568,ok,
steady_aa,steady,7,BAAB,2,A,lazy,0,67895656,25624938568,ok,
steady_aa,steady,7,BAAB,3,B,lazy_b,0,68040726,25624938568,ok,
steady_aa,steady,8,ABBA,0,A,lazy,0,67890696,25624938568,ok,
steady_aa,steady,8,ABBA,1,B,lazy_b,0,67924426,25624938568,ok,
steady_aa,steady,8,ABBA,2,B,lazy_b,0,67814556,25624938568,ok,
steady_aa,steady,8,ABBA,3,A,lazy,0,68044826,25624938568,ok,
steady_aa,steady,9,BAAB,0,B,lazy_b,0,67894816,25624938568,ok,
steady_aa,steady,9,BAAB,1,A,lazy,0,67943646,25624938568,ok,
steady_aa,steady,9,BAAB,2,A,lazy,0,67895026,25624938568,ok,
steady_aa,steady,9,BAAB,3,B,lazy_b,0,67868246,25624938568,ok,
steady_aa,steady,10,ABBA,0,A,lazy,0,67888696,25624938568,ok,
steady_aa,steady,10,ABBA,1,B,lazy_b,0,67892456,25624938568,ok,
steady_aa,steady,10,ABBA,2,B,lazy_b,0,67876426,25624938568,ok,
steady_aa,steady,10,ABBA,3,A,lazy,0,67870636,25624938568,ok,
steady_aa,steady,11,BAAB,0,B,lazy_b,0,67934316,25624938568,ok,
steady_aa,steady,11,BAAB,1,A,lazy,0,68020096,25624938568,ok,
steady_aa,steady,11,BAAB,2,A,lazy,0,67894436,25624938568,ok,
steady_aa,steady,11,BAAB,3,B,lazy_b,0,67895106,25624938568,ok,
