comparison,block,slot,operation,iterations,setup_ns,warmup_iterations,warmup_ns,elapsed_ns,ns_per_operation,checksum,command
store_release_relaxed,0,0,store_relaxed,50000000,7786,1000000,156454,7829093,0.156581860,49999999,taskset --cpu-list 3 /tmp/topic22-5f93fdb-xxl-output/binaries/atomic-cost-native store_relaxed 50000000
store_release_relaxed,0,1,store_release,50000000,3950,1000000,156412,7825194,0.156503880,49999999,taskset --cpu-list 3 /tmp/topic22-5f93fdb-xxl-output/binaries/atomic-cost-native store_release 50000000
store_release_relaxed,0,2,store_release,50000000,3286,1000000,156351,7824034,0.156480680,49999999,taskset --cpu-list 3 /tmp/topic22-5f93fdb-xxl-output/binaries/atomic-cost-native store_release 50000000
store_release_relaxed,0,3,store_relaxed,50000000,3142,1000000,156360,7830393,0.156607860,49999999,taskset --cpu-list 3 /tmp/topic22-5f93fdb-xxl-output/binaries/atomic-cost-native store_relaxed 50000000
store_seqcst_release,0,0,store_release,50000000,3027,1000000,156342,7892946,0.157858920,49999999,taskset --cpu-list 3 /tmp/topic22-5f93fdb-xxl-output/binaries/atomic-cost-native store_release 50000000
store_seqcst_release,0,1,store_seqcst,50000000,3208,1000000,5320060,266440467,5.328809340,49999999,taskset --cpu-list 3 /tmp/topic22-5f93fdb-xxl-output/binaries/atomic-cost-native store_seqcst 50000000
store_seqcst_release,0,2,store_seqcst,50000000,5026,1000000,5340595,266330838,5.326616760,49999999,taskset --cpu-list 3 /tmp/topic22-5f93fdb-xxl-output/binaries/atomic-cost-native store_seqcst 50000000
store_seqcst_release,0,3,store_release,50000000,3207,1000000,156364,7824548,0.156490960,49999999,taskset --cpu-list 3 /tmp/topic22-5f93fdb-xxl-output/binaries/atomic-cost-native store_release 50000000
fetch_add_seqcst_relaxed,0,0,fetch_add_relaxed,10000000,3164,1000000,5683676,56799525,5.679952500,10000000,taskset --cpu-list 3 /tmp/topic22-5f93fdb-xxl-output/binaries/atomic-cost-native fetch_add_relaxed 10000000
fetch_add_seqcst_relaxed,0,1,fetch_add_seqcst,10000000,3295,1000000,5736753,56841411,5.684141100,10000000,taskset --cpu-list 3 /tmp/topic22-5f93fdb-xxl-output/binaries/atomic-cost-native fetch_add_seqcst 10000000
fetch_add_seqcst_relaxed,0,2,fetch_add_seqcst,10000000,2984,1000000,5701579,56903490,5.690349000,10000000,taskset --cpu-list 3 /tmp/topic22-5f93fdb-xxl-output/binaries/atomic-cost-native fetch_add_seqcst 10000000
fetch_add_seqcst_relaxed,0,3,fetch_add_relaxed,10000000,5003,1000000,5667504,56782769,5.678276900,10000000,taskset --cpu-list 3 /tmp/topic22-5f93fdb-xxl-output/binaries/atomic-cost-native fetch_add_relaxed 10000000
store_relaxed_aa,0,0,store_relaxed,50000000,3218,1000000,156384,7843041,0.156860820,49999999,taskset --cpu-list 3 /tmp/topic22-5f93fdb-xxl-output/binaries/atomic-cost-native store_relaxed 50000000
store_relaxed_aa,0,1,store_relaxed,50000000,3075,1000000,156346,7845995,0.156919900,49999999,taskset --cpu-list 3 /tmp/topic22-5f93fdb-xxl-output/binaries/atomic-cost-native store_relaxed 50000000
store_release_relaxed,1,0,store_release,50000000,3098,1000000,156387,7843125,0.156862500,49999999,taskset --cpu-list 3 /tmp/topic22-5f93fdb-xxl-output/binaries/atomic-cost-native store_release 50000000
store_release_relaxed,1,1,store_relaxed,50000000,3140,1000000,156350,7863427,0.157268540,49999999,taskset --cpu-list 3 /tmp/topic22-5f93fdb-xxl-output/binaries/atomic-cost-native store_relaxed 50000000
store_release_relaxed,1,2,store_relaxed,50000000,4886,1000000,156343,7843347,0.156866940,49999999,taskset --cpu-list 3 /tmp/topic22-5f93fdb-xxl-output/binaries/atomic-cost-native store_relaxed 50000000
store_release_relaxed,1,3,store_release,50000000,3093,1000000,156335,7838939,0.156778780,49999999,taskset --cpu-list 3 /tmp/topic22-5f93fdb-xxl-output/binaries/atomic-cost-native store_release 50000000
store_seqcst_release,1,0,store_seqcst,50000000,4695,1000000,5335128,266448358,5.328967160,49999999,taskset --cpu-list 3 /tmp/topic22-5f93fdb-xxl-output/binaries/atomic-cost-native store_seqcst 50000000
store_seqcst_release,1,1,store_release,50000000,3161,1000000,156331,7824463,0.156489260,49999999,taskset --cpu-list 3 /tmp/topic22-5f93fdb-xxl-output/binaries/atomic-cost-native store_release 50000000
store_seqcst_release,1,2,store_release,50000000,2895,1000000,156348,7823233,0.156464660,49999999,taskset --cpu-list 3 /tmp/topic22-5f93fdb-xxl-output/binaries/atomic-cost-native store_release 50000000
store_seqcst_release,1,3,store_seqcst,50000000,3061,1000000,5318777,266433939,5.328678780,49999999,taskset --cpu-list 3 /tmp/topic22-5f93fdb-xxl-output/binaries/atomic-cost-native store_seqcst 50000000
fetch_add_seqcst_relaxed,1,0,fetch_add_seqcst,10000000,3237,1000000,5703740,56922507,5.692250700,10000000,taskset --cpu-list 3 /tmp/topic22-5f93fdb-xxl-output/binaries/atomic-cost-native fetch_add_seqcst 10000000
fetch_add_seqcst_relaxed,1,1,fetch_add_relaxed,10000000,3118,1000000,5695583,56834237,5.683423700,10000000,taskset --cpu-list 3 /tmp/topic22-5f93fdb-xxl-output/binaries/atomic-cost-native fetch_add_relaxed 10000000
fetch_add_seqcst_relaxed,1,2,fetch_add_relaxed,10000000,3155,1000000,5678136,56827452,5.682745200,10000000,taskset --cpu-list 3 /tmp/topic22-5f93fdb-xxl-output/binaries/atomic-cost-native fetch_add_relaxed 10000000
fetch_add_seqcst_relaxed,1,3,fetch_add_seqcst,10000000,4855,1000000,5709573,56892487,5.689248700,10000000,taskset --cpu-list 3 /tmp/topic22-5f93fdb-xxl-output/binaries/atomic-cost-native fetch_add_seqcst 10000000
store_relaxed_aa,1,0,store_relaxed,50000000,3024,1000000,156348,7839827,0.156796540,49999999,taskset --cpu-list 3 /tmp/topic22-5f93fdb-xxl-output/binaries/atomic-cost-native store_relaxed 50000000
store_relaxed_aa,1,1,store_relaxed,50000000,2963,1000000,156348,7860933,0.157218660,49999999,taskset --cpu-list 3 /tmp/topic22-5f93fdb-xxl-output/binaries/atomic-cost-native store_relaxed 50000000
store_release_relaxed,2,0,store_relaxed,50000000,2959,1000000,156349,7838928,0.156778560,49999999,taskset --cpu-list 3 /tmp/topic22-5f93fdb-xxl-output/binaries/atomic-cost-native store_relaxed 50000000
store_release_relaxed,2,1,store_release,50000000,3134,1000000,156351,7836719,0.156734380,49999999,taskset --cpu-list 3 /tmp/topic22-5f93fdb-xxl-output/binaries/atomic-cost-native store_release 50000000
store_release_relaxed,2,2,store_release,50000000,3160,1000000,156391,7843502,0.156870040,49999999,taskset --cpu-list 3 /tmp/topic22-5f93fdb-xxl-output/binaries/atomic-cost-native store_release 50000000
store_release_relaxed,2,3,store_relaxed,50000000,2860,1000000,163598,7833978,0.156679560,49999999,taskset --cpu-list 3 /tmp/topic22-5f93fdb-xxl-output/binaries/atomic-cost-native store_relaxed 50000000
store_seqcst_release,2,0,store_release,50000000,3276,1000000,156368,7842722,0.156854440,49999999,taskset --cpu-list 3 /tmp/topic22-5f93fdb-xxl-output/binaries/atomic-cost-native store_release 50000000
store_seqcst_release,2,1,store_seqcst,50000000,3082,1000000,5326235,266389851,5.327797020,49999999,taskset --cpu-list 3 /tmp/topic22-5f93fdb-xxl-output/binaries/atomic-cost-native store_seqcst 50000000
store_seqcst_release,2,2,store_seqcst,50000000,3199,1000000,5336653,266337726,5.326754520,49999999,taskset --cpu-list 3 /tmp/topic22-5f93fdb-xxl-output/binaries/atomic-cost-native store_seqcst 50000000
store_seqcst_release,2,3,store_release,50000000,3017,1000000,156519,7824018,0.156480360,49999999,taskset --cpu-list 3 /tmp/topic22-5f93fdb-xxl-output/binaries/atomic-cost-native store_release 50000000
fetch_add_seqcst_relaxed,2,0,fetch_add_relaxed,10000000,2880,1000000,5692227,56968959,5.696895900,10000000,taskset --cpu-list 3 /tmp/topic22-5f93fdb-xxl-output/binaries/atomic-cost-native fetch_add_relaxed 10000000
fetch_add_seqcst_relaxed,2,1,fetch_add_seqcst,10000000,3065,1000000,5694146,56821621,5.682162100,10000000,taskset --cpu-list 3 /tmp/topic22-5f93fdb-xxl-output/binaries/atomic-cost-native fetch_add_seqcst 10000000
fetch_add_seqcst_relaxed,2,2,fetch_add_seqcst,10000000,3098,1000000,5700339,56910371,5.691037100,10000000,taskset --cpu-list 3 /tmp/topic22-5f93fdb-xxl-output/binaries/atomic-cost-native fetch_add_seqcst 10000000
fetch_add_seqcst_relaxed,2,3,fetch_add_relaxed,10000000,3001,1000000,5679042,56800958,5.680095800,10000000,taskset --cpu-list 3 /tmp/topic22-5f93fdb-xxl-output/binaries/atomic-cost-native fetch_add_relaxed 10000000
store_relaxed_aa,2,0,store_relaxed,50000000,2923,1000000,156354,7839697,0.156793940,49999999,taskset --cpu-list 3 /tmp/topic22-5f93fdb-xxl-output/binaries/atomic-cost-native store_relaxed 50000000
store_relaxed_aa,2,1,store_relaxed,50000000,3102,1000000,156351,7838897,0.156777940,49999999,taskset --cpu-list 3 /tmp/topic22-5f93fdb-xxl-output/binaries/atomic-cost-native store_relaxed 50000000
store_release_relaxed,3,0,store_release,50000000,2978,1000000,156343,7841519,0.156830380,49999999,taskset --cpu-list 3 /tmp/topic22-5f93fdb-xxl-output/binaries/atomic-cost-native store_release 50000000
store_release_relaxed,3,1,store_relaxed,50000000,2967,1000000,156358,7911396,0.158227920,49999999,taskset --cpu-list 3 /tmp/topic22-5f93fdb-xxl-output/binaries/atomic-cost-native store_relaxed 50000000
store_release_relaxed,3,2,store_relaxed,50000000,3025,1000000,156342,7854709,0.157094180,49999999,taskset --cpu-list 3 /tmp/topic22-5f93fdb-xxl-output/binaries/atomic-cost-native store_relaxed 50000000
store_release_relaxed,3,3,store_release,50000000,4912,1000000,156348,7839988,0.156799760,49999999,taskset --cpu-list 3 /tmp/topic22-5f93fdb-xxl-output/binaries/atomic-cost-native store_release 50000000
store_seqcst_release,3,0,store_seqcst,50000000,2896,1000000,5341397,266380792,5.327615840,49999999,taskset --cpu-list 3 /tmp/topic22-5f93fdb-xxl-output/binaries/atomic-cost-native store_seqcst 50000000
store_seqcst_release,3,1,store_release,50000000,2971,1000000,156330,7838454,0.156769080,49999999,taskset --cpu-list 3 /tmp/topic22-5f93fdb-xxl-output/binaries/atomic-cost-native store_release 50000000
store_seqcst_release,3,2,store_release,50000000,2967,1000000,156346,7826147,0.156522940,49999999,taskset --cpu-list 3 /tmp/topic22-5f93fdb-xxl-output/binaries/atomic-cost-native store_release 50000000
store_seqcst_release,3,3,store_seqcst,50000000,3119,1000000,5318627,266409695,5.328193900,49999999,taskset --cpu-list 3 /tmp/topic22-5f93fdb-xxl-output/binaries/atomic-cost-native store_seqcst 50000000
fetch_add_seqcst_relaxed,3,0,fetch_add_seqcst,10000000,3140,1000000,5698727,56879314,5.687931400,10000000,taskset --cpu-list 3 /tmp/topic22-5f93fdb-xxl-output/binaries/atomic-cost-native fetch_add_seqcst 10000000
fetch_add_seqcst_relaxed,3,1,fetch_add_relaxed,10000000,4842,1000000,5677692,56799203,5.679920300,10000000,taskset --cpu-list 3 /tmp/topic22-5f93fdb-xxl-output/binaries/atomic-cost-native fetch_add_relaxed 10000000
fetch_add_seqcst_relaxed,3,2,fetch_add_relaxed,10000000,3183,1000000,5714518,56769114,5.676911400,10000000,taskset --cpu-list 3 /tmp/topic22-5f93fdb-xxl-output/binaries/atomic-cost-native fetch_add_relaxed 10000000
fetch_add_seqcst_relaxed,3,3,fetch_add_seqcst,10000000,3101,1000000,5711493,56839645,5.683964500,10000000,taskset --cpu-list 3 /tmp/topic22-5f93fdb-xxl-output/binaries/atomic-cost-native fetch_add_seqcst 10000000
store_relaxed_aa,3,0,store_relaxed,50000000,5074,1000000,156354,7842072,0.156841440,49999999,taskset --cpu-list 3 /tmp/topic22-5f93fdb-xxl-output/binaries/atomic-cost-native store_relaxed 50000000
store_relaxed_aa,3,1,store_relaxed,50000000,5317,1000000,156363,7842319,0.156846380,49999999,taskset --cpu-list 3 /tmp/topic22-5f93fdb-xxl-output/binaries/atomic-cost-native store_relaxed 50000000
store_release_relaxed,4,0,store_relaxed,50000000,3135,1000000,156407,7857067,0.157141340,49999999,taskset --cpu-list 3 /tmp/topic22-5f93fdb-xxl-output/binaries/atomic-cost-native store_relaxed 50000000
store_release_relaxed,4,1,store_release,50000000,3035,1000000,156349,7847235,0.156944700,49999999,taskset --cpu-list 3 /tmp/topic22-5f93fdb-xxl-output/binaries/atomic-cost-native store_release 50000000
store_release_relaxed,4,2,store_release,50000000,3013,1000000,156342,7847165,0.156943300,49999999,taskset --cpu-list 3 /tmp/topic22-5f93fdb-xxl-output/binaries/atomic-cost-native store_release 50000000
store_release_relaxed,4,3,store_relaxed,50000000,3144,1000000,156445,7843649,0.156872980,49999999,taskset --cpu-list 3 /tmp/topic22-5f93fdb-xxl-output/binaries/atomic-cost-native store_relaxed 50000000
store_seqcst_release,4,0,store_release,50000000,4798,1000000,156342,7839900,0.156798000,49999999,taskset --cpu-list 3 /tmp/topic22-5f93fdb-xxl-output/binaries/atomic-cost-native store_release 50000000
store_seqcst_release,4,1,store_seqcst,50000000,4572,1000000,5318938,266401801,5.328036020,49999999,taskset --cpu-list 3 /tmp/topic22-5f93fdb-xxl-output/binaries/atomic-cost-native store_seqcst 50000000
store_seqcst_release,4,2,store_seqcst,50000000,4833,1000000,5334290,266291742,5.325834840,49999999,taskset --cpu-list 3 /tmp/topic22-5f93fdb-xxl-output/binaries/atomic-cost-native store_seqcst 50000000
store_seqcst_release,4,3,store_release,50000000,4905,1000000,156344,7828609,0.156572180,49999999,taskset --cpu-list 3 /tmp/topic22-5f93fdb-xxl-output/binaries/atomic-cost-native store_release 50000000
fetch_add_seqcst_relaxed,4,0,fetch_add_relaxed,10000000,5265,1000000,5677573,56787210,5.678721000,10000000,taskset --cpu-list 3 /tmp/topic22-5f93fdb-xxl-output/binaries/atomic-cost-native fetch_add_relaxed 10000000
fetch_add_seqcst_relaxed,4,1,fetch_add_seqcst,10000000,3155,1000000,5693184,56955018,5.695501800,10000000,taskset --cpu-list 3 /tmp/topic22-5f93fdb-xxl-output/binaries/atomic-cost-native fetch_add_seqcst 10000000
fetch_add_seqcst_relaxed,4,2,fetch_add_seqcst,10000000,3080,1000000,5681631,56902776,5.690277600,10000000,taskset --cpu-list 3 /tmp/topic22-5f93fdb-xxl-output/binaries/atomic-cost-native fetch_add_seqcst 10000000
fetch_add_seqcst_relaxed,4,3,fetch_add_relaxed,10000000,3105,1000000,5766790,56775525,5.677552500,10000000,taskset --cpu-list 3 /tmp/topic22-5f93fdb-xxl-output/binaries/atomic-cost-native fetch_add_relaxed 10000000
store_relaxed_aa,4,0,store_relaxed,50000000,3274,1000000,156358,7819863,0.156397260,49999999,taskset --cpu-list 3 /tmp/topic22-5f93fdb-xxl-output/binaries/atomic-cost-native store_relaxed 50000000
store_relaxed_aa,4,1,store_relaxed,50000000,3020,1000000,156340,7824466,0.156489320,49999999,taskset --cpu-list 3 /tmp/topic22-5f93fdb-xxl-output/binaries/atomic-cost-native store_relaxed 50000000
store_release_relaxed,5,0,store_release,50000000,2996,1000000,164609,7815643,0.156312860,49999999,taskset --cpu-list 3 /tmp/topic22-5f93fdb-xxl-output/binaries/atomic-cost-native store_release 50000000
store_release_relaxed,5,1,store_relaxed,50000000,2948,1000000,156469,7824539,0.156490780,49999999,taskset --cpu-list 3 /tmp/topic22-5f93fdb-xxl-output/binaries/atomic-cost-native store_relaxed 50000000
store_release_relaxed,5,2,store_relaxed,50000000,3194,1000000,156366,7824573,0.156491460,49999999,taskset --cpu-list 3 /tmp/topic22-5f93fdb-xxl-output/binaries/atomic-cost-native store_relaxed 50000000
store_release_relaxed,5,3,store_release,50000000,3078,1000000,156345,7822640,0.156452800,49999999,taskset --cpu-list 3 /tmp/topic22-5f93fdb-xxl-output/binaries/atomic-cost-native store_release 50000000
store_seqcst_release,5,0,store_seqcst,50000000,3100,1000000,5323591,266388451,5.327769020,49999999,taskset --cpu-list 3 /tmp/topic22-5f93fdb-xxl-output/binaries/atomic-cost-native store_seqcst 50000000
store_seqcst_release,5,1,store_release,50000000,3146,1000000,156345,7840518,0.156810360,49999999,taskset --cpu-list 3 /tmp/topic22-5f93fdb-xxl-output/binaries/atomic-cost-native store_release 50000000
store_seqcst_release,5,2,store_release,50000000,3451,1000000,156351,7841609,0.156832180,49999999,taskset --cpu-list 3 /tmp/topic22-5f93fdb-xxl-output/binaries/atomic-cost-native store_release 50000000
store_seqcst_release,5,3,store_seqcst,50000000,3105,1000000,5319822,266362806,5.327256120,49999999,taskset --cpu-list 3 /tmp/topic22-5f93fdb-xxl-output/binaries/atomic-cost-native store_seqcst 50000000
fetch_add_seqcst_relaxed,5,0,fetch_add_seqcst,10000000,3042,1000000,5702934,56953467,5.695346700,10000000,taskset --cpu-list 3 /tmp/topic22-5f93fdb-xxl-output/binaries/atomic-cost-native fetch_add_seqcst 10000000
fetch_add_seqcst_relaxed,5,1,fetch_add_relaxed,10000000,3125,1000000,5678525,56799571,5.679957100,10000000,taskset --cpu-list 3 /tmp/topic22-5f93fdb-xxl-output/binaries/atomic-cost-native fetch_add_relaxed 10000000
fetch_add_seqcst_relaxed,5,2,fetch_add_relaxed,10000000,4750,1000000,5690441,56803036,5.680303600,10000000,taskset --cpu-list 3 /tmp/topic22-5f93fdb-xxl-output/binaries/atomic-cost-native fetch_add_relaxed 10000000
fetch_add_seqcst_relaxed,5,3,fetch_add_seqcst,10000000,3015,1000000,5678985,56843727,5.684372700,10000000,taskset --cpu-list 3 /tmp/topic22-5f93fdb-xxl-output/binaries/atomic-cost-native fetch_add_seqcst 10000000
store_relaxed_aa,5,0,store_relaxed,50000000,3050,1000000,156346,7837163,0.156743260,49999999,taskset --cpu-list 3 /tmp/topic22-5f93fdb-xxl-output/binaries/atomic-cost-native store_relaxed 50000000
store_relaxed_aa,5,1,store_relaxed,50000000,5041,1000000,156350,7867127,0.157342540,49999999,taskset --cpu-list 3 /tmp/topic22-5f93fdb-xxl-output/binaries/atomic-cost-native store_relaxed 50000000
store_release_relaxed,6,0,store_relaxed,50000000,2908,1000000,156347,7842008,0.156840160,49999999,taskset --cpu-list 3 /tmp/topic22-5f93fdb-xxl-output/binaries/atomic-cost-native store_relaxed 50000000
store_release_relaxed,6,1,store_release,50000000,2975,1000000,156355,7841623,0.156832460,49999999,taskset --cpu-list 3 /tmp/topic22-5f93fdb-xxl-output/binaries/atomic-cost-native store_release 50000000
store_release_relaxed,6,2,store_release,50000000,3085,1000000,156344,7837472,0.156749440,49999999,taskset --cpu-list 3 /tmp/topic22-5f93fdb-xxl-output/binaries/atomic-cost-native store_release 50000000
store_release_relaxed,6,3,store_relaxed,50000000,4865,1000000,156385,7839874,0.156797480,49999999,taskset --cpu-list 3 /tmp/topic22-5f93fdb-xxl-output/binaries/atomic-cost-native store_relaxed 50000000
store_seqcst_release,6,0,store_release,50000000,3271,1000000,156397,7845421,0.156908420,49999999,taskset --cpu-list 3 /tmp/topic22-5f93fdb-xxl-output/binaries/atomic-cost-native store_release 50000000
store_seqcst_release,6,1,store_seqcst,50000000,4783,1000000,5339867,266358566,5.327171320,49999999,taskset --cpu-list 3 /tmp/topic22-5f93fdb-xxl-output/binaries/atomic-cost-native store_seqcst 50000000
store_seqcst_release,6,2,store_seqcst,50000000,3330,1000000,5321042,266268067,5.325361340,49999999,taskset --cpu-list 3 /tmp/topic22-5f93fdb-xxl-output/binaries/atomic-cost-native store_seqcst 50000000
store_seqcst_release,6,3,store_release,50000000,2978,1000000,156344,7837975,0.156759500,49999999,taskset --cpu-list 3 /tmp/topic22-5f93fdb-xxl-output/binaries/atomic-cost-native store_release 50000000
fetch_add_seqcst_relaxed,6,0,fetch_add_relaxed,10000000,2994,1000000,5676741,56788100,5.678810000,10000000,taskset --cpu-list 3 /tmp/topic22-5f93fdb-xxl-output/binaries/atomic-cost-native fetch_add_relaxed 10000000
fetch_add_seqcst_relaxed,6,1,fetch_add_seqcst,10000000,3103,1000000,5719546,56875071,5.687507100,10000000,taskset --cpu-list 3 /tmp/topic22-5f93fdb-xxl-output/binaries/atomic-cost-native fetch_add_seqcst 10000000
fetch_add_seqcst_relaxed,6,2,fetch_add_seqcst,10000000,3118,1000000,5687792,56867853,5.686785300,10000000,taskset --cpu-list 3 /tmp/topic22-5f93fdb-xxl-output/binaries/atomic-cost-native fetch_add_seqcst 10000000
fetch_add_seqcst_relaxed,6,3,fetch_add_relaxed,10000000,3020,1000000,5699638,56828907,5.682890700,10000000,taskset --cpu-list 3 /tmp/topic22-5f93fdb-xxl-output/binaries/atomic-cost-native fetch_add_relaxed 10000000
store_relaxed_aa,6,0,store_relaxed,50000000,3138,1000000,156348,7824121,0.156482420,49999999,taskset --cpu-list 3 /tmp/topic22-5f93fdb-xxl-output/binaries/atomic-cost-native store_relaxed 50000000
store_relaxed_aa,6,1,store_relaxed,50000000,2965,1000000,156346,7824480,0.156489600,49999999,taskset --cpu-list 3 /tmp/topic22-5f93fdb-xxl-output/binaries/atomic-cost-native store_relaxed 50000000
store_release_relaxed,7,0,store_release,50000000,3013,1000000,156343,7828526,0.156570520,49999999,taskset --cpu-list 3 /tmp/topic22-5f93fdb-xxl-output/binaries/atomic-cost-native store_release 50000000
store_release_relaxed,7,1,store_relaxed,50000000,3081,1000000,156345,7823469,0.156469380,49999999,taskset --cpu-list 3 /tmp/topic22-5f93fdb-xxl-output/binaries/atomic-cost-native store_relaxed 50000000
store_release_relaxed,7,2,store_relaxed,50000000,3100,1000000,156400,7824067,0.156481340,49999999,taskset --cpu-list 3 /tmp/topic22-5f93fdb-xxl-output/binaries/atomic-cost-native store_relaxed 50000000
store_release_relaxed,7,3,store_release,50000000,2973,1000000,156340,7824039,0.156480780,49999999,taskset --cpu-list 3 /tmp/topic22-5f93fdb-xxl-output/binaries/atomic-cost-native store_release 50000000
store_seqcst_release,7,0,store_seqcst,50000000,4813,1000000,5326437,266475097,5.329501940,49999999,taskset --cpu-list 3 /tmp/topic22-5f93fdb-xxl-output/binaries/atomic-cost-native store_seqcst 50000000
store_seqcst_release,7,1,store_release,50000000,2921,1000000,156348,7839621,0.156792420,49999999,taskset --cpu-list 3 /tmp/topic22-5f93fdb-xxl-output/binaries/atomic-cost-native store_release 50000000
store_seqcst_release,7,2,store_release,50000000,2988,1000000,156347,7841197,0.156823940,49999999,taskset --cpu-list 3 /tmp/topic22-5f93fdb-xxl-output/binaries/atomic-cost-native store_release 50000000
store_seqcst_release,7,3,store_seqcst,50000000,3030,1000000,5337180,266287378,5.325747560,49999999,taskset --cpu-list 3 /tmp/topic22-5f93fdb-xxl-output/binaries/atomic-cost-native store_seqcst 50000000
fetch_add_seqcst_relaxed,7,0,fetch_add_seqcst,10000000,2913,1000000,5701120,56816765,5.681676500,10000000,taskset --cpu-list 3 /tmp/topic22-5f93fdb-xxl-output/binaries/atomic-cost-native fetch_add_seqcst 10000000
fetch_add_seqcst_relaxed,7,1,fetch_add_relaxed,10000000,3049,1000000,5677810,56907357,5.690735700,10000000,taskset --cpu-list 3 /tmp/topic22-5f93fdb-xxl-output/binaries/atomic-cost-native fetch_add_relaxed 10000000
fetch_add_seqcst_relaxed,7,2,fetch_add_relaxed,10000000,2899,1000000,5690803,56779900,5.677990000,10000000,taskset --cpu-list 3 /tmp/topic22-5f93fdb-xxl-output/binaries/atomic-cost-native fetch_add_relaxed 10000000
fetch_add_seqcst_relaxed,7,3,fetch_add_seqcst,10000000,3198,1000000,5685468,56861576,5.686157600,10000000,taskset --cpu-list 3 /tmp/topic22-5f93fdb-xxl-output/binaries/atomic-cost-native fetch_add_seqcst 10000000
store_relaxed_aa,7,0,store_relaxed,50000000,3248,1000000,156349,7901387,0.158027740,49999999,taskset --cpu-list 3 /tmp/topic22-5f93fdb-xxl-output/binaries/atomic-cost-native store_relaxed 50000000
store_relaxed_aa,7,1,store_relaxed,50000000,2986,1000000,156422,7844151,0.156883020,49999999,taskset --cpu-list 3 /tmp/topic22-5f93fdb-xxl-output/binaries/atomic-cost-native store_relaxed 50000000
store_release_relaxed,8,0,store_relaxed,50000000,2944,1000000,156355,7836734,0.156734680,49999999,taskset --cpu-list 3 /tmp/topic22-5f93fdb-xxl-output/binaries/atomic-cost-native store_relaxed 50000000
store_release_relaxed,8,1,store_release,50000000,2873,1000000,156343,7842574,0.156851480,49999999,taskset --cpu-list 3 /tmp/topic22-5f93fdb-xxl-output/binaries/atomic-cost-native store_release 50000000
store_release_relaxed,8,2,store_release,50000000,3144,1000000,156337,7863703,0.157274060,49999999,taskset --cpu-list 3 /tmp/topic22-5f93fdb-xxl-output/binaries/atomic-cost-native store_release 50000000
store_release_relaxed,8,3,store_relaxed,50000000,3002,1000000,156347,7839675,0.156793500,49999999,taskset --cpu-list 3 /tmp/topic22-5f93fdb-xxl-output/binaries/atomic-cost-native store_relaxed 50000000
store_seqcst_release,8,0,store_release,50000000,3318,1000000,156454,7842585,0.156851700,49999999,taskset --cpu-list 3 /tmp/topic22-5f93fdb-xxl-output/binaries/atomic-cost-native store_release 50000000
store_seqcst_release,8,1,store_seqcst,50000000,3075,1000000,5343169,266424460,5.328489200,49999999,taskset --cpu-list 3 /tmp/topic22-5f93fdb-xxl-output/binaries/atomic-cost-native store_seqcst 50000000
store_seqcst_release,8,2,store_seqcst,50000000,4984,1000000,5317010,266330520,5.326610400,49999999,taskset --cpu-list 3 /tmp/topic22-5f93fdb-xxl-output/binaries/atomic-cost-native store_seqcst 50000000
store_seqcst_release,8,3,store_release,50000000,3031,1000000,156340,7854847,0.157096940,49999999,taskset --cpu-list 3 /tmp/topic22-5f93fdb-xxl-output/binaries/atomic-cost-native store_release 50000000
fetch_add_seqcst_relaxed,8,0,fetch_add_relaxed,10000000,3056,1000000,5692182,56786060,5.678606000,10000000,taskset --cpu-list 3 /tmp/topic22-5f93fdb-xxl-output/binaries/atomic-cost-native fetch_add_relaxed 10000000
fetch_add_seqcst_relaxed,8,1,fetch_add_seqcst,10000000,2996,1000000,5695377,56881558,5.688155800,10000000,taskset --cpu-list 3 /tmp/topic22-5f93fdb-xxl-output/binaries/atomic-cost-native fetch_add_seqcst 10000000
fetch_add_seqcst_relaxed,8,2,fetch_add_seqcst,10000000,3095,1000000,5680796,56915192,5.691519200,10000000,taskset --cpu-list 3 /tmp/topic22-5f93fdb-xxl-output/binaries/atomic-cost-native fetch_add_seqcst 10000000
fetch_add_seqcst_relaxed,8,3,fetch_add_relaxed,10000000,3206,1000000,5692536,56819863,5.681986300,10000000,taskset --cpu-list 3 /tmp/topic22-5f93fdb-xxl-output/binaries/atomic-cost-native fetch_add_relaxed 10000000
store_relaxed_aa,8,0,store_relaxed,50000000,3125,1000000,156346,7858080,0.157161600,49999999,taskset --cpu-list 3 /tmp/topic22-5f93fdb-xxl-output/binaries/atomic-cost-native store_relaxed 50000000
store_relaxed_aa,8,1,store_relaxed,50000000,3047,1000000,156403,7849981,0.156999620,49999999,taskset --cpu-list 3 /tmp/topic22-5f93fdb-xxl-output/binaries/atomic-cost-native store_relaxed 50000000
store_release_relaxed,9,0,store_release,50000000,2972,1000000,156373,7840527,0.156810540,49999999,taskset --cpu-list 3 /tmp/topic22-5f93fdb-xxl-output/binaries/atomic-cost-native store_release 50000000
store_release_relaxed,9,1,store_relaxed,50000000,2943,1000000,156351,7839565,0.156791300,49999999,taskset --cpu-list 3 /tmp/topic22-5f93fdb-xxl-output/binaries/atomic-cost-native store_relaxed 50000000
store_release_relaxed,9,2,store_relaxed,50000000,4900,1000000,156348,7838316,0.156766320,49999999,taskset --cpu-list 3 /tmp/topic22-5f93fdb-xxl-output/binaries/atomic-cost-native store_relaxed 50000000
store_release_relaxed,9,3,store_release,50000000,3024,1000000,156354,7845053,0.156901060,49999999,taskset --cpu-list 3 /tmp/topic22-5f93fdb-xxl-output/binaries/atomic-cost-native store_release 50000000
store_seqcst_release,9,0,store_seqcst,50000000,2902,1000000,5322950,266407454,5.328149080,49999999,taskset --cpu-list 3 /tmp/topic22-5f93fdb-xxl-output/binaries/atomic-cost-native store_seqcst 50000000
store_seqcst_release,9,1,store_release,50000000,3282,1000000,156385,7840794,0.156815880,49999999,taskset --cpu-list 3 /tmp/topic22-5f93fdb-xxl-output/binaries/atomic-cost-native store_release 50000000
store_seqcst_release,9,2,store_release,50000000,3011,1000000,156345,7840110,0.156802200,49999999,taskset --cpu-list 3 /tmp/topic22-5f93fdb-xxl-output/binaries/atomic-cost-native store_release 50000000
store_seqcst_release,9,3,store_seqcst,50000000,3107,1000000,5339412,266373538,5.327470760,49999999,taskset --cpu-list 3 /tmp/topic22-5f93fdb-xxl-output/binaries/atomic-cost-native store_seqcst 50000000
fetch_add_seqcst_relaxed,9,0,fetch_add_seqcst,10000000,3152,1000000,5680612,56835377,5.683537700,10000000,taskset --cpu-list 3 /tmp/topic22-5f93fdb-xxl-output/binaries/atomic-cost-native fetch_add_seqcst 10000000
fetch_add_seqcst_relaxed,9,1,fetch_add_relaxed,10000000,5013,1000000,5690443,56820822,5.682082200,10000000,taskset --cpu-list 3 /tmp/topic22-5f93fdb-xxl-output/binaries/atomic-cost-native fetch_add_relaxed 10000000
fetch_add_seqcst_relaxed,9,2,fetch_add_relaxed,10000000,2893,1000000,5677709,56846814,5.684681400,10000000,taskset --cpu-list 3 /tmp/topic22-5f93fdb-xxl-output/binaries/atomic-cost-native fetch_add_relaxed 10000000
fetch_add_seqcst_relaxed,9,3,fetch_add_seqcst,10000000,3222,1000000,5693486,56817789,5.681778900,10000000,taskset --cpu-list 3 /tmp/topic22-5f93fdb-xxl-output/binaries/atomic-cost-native fetch_add_seqcst 10000000
store_relaxed_aa,9,0,store_relaxed,50000000,2984,1000000,171460,7823394,0.156467880,49999999,taskset --cpu-list 3 /tmp/topic22-5f93fdb-xxl-output/binaries/atomic-cost-native store_relaxed 50000000
store_relaxed_aa,9,1,store_relaxed,50000000,2915,1000000,172605,7824072,0.156481440,49999999,taskset --cpu-list 3 /tmp/topic22-5f93fdb-xxl-output/binaries/atomic-cost-native store_relaxed 50000000
store_release_relaxed,10,0,store_relaxed,50000000,4907,1000000,156348,7838639,0.156772780,49999999,taskset --cpu-list 3 /tmp/topic22-5f93fdb-xxl-output/binaries/atomic-cost-native store_relaxed 50000000
store_release_relaxed,10,1,store_release,50000000,3219,1000000,156349,7869794,0.157395880,49999999,taskset --cpu-list 3 /tmp/topic22-5f93fdb-xxl-output/binaries/atomic-cost-native store_release 50000000
store_release_relaxed,10,2,store_release,50000000,2957,1000000,175106,7823764,0.156475280,49999999,taskset --cpu-list 3 /tmp/topic22-5f93fdb-xxl-output/binaries/atomic-cost-native store_release 50000000
store_release_relaxed,10,3,store_relaxed,50000000,3190,1000000,156377,7826151,0.156523020,49999999,taskset --cpu-list 3 /tmp/topic22-5f93fdb-xxl-output/binaries/atomic-cost-native store_relaxed 50000000
store_seqcst_release,10,0,store_release,50000000,3115,1000000,156432,7821316,0.156426320,49999999,taskset --cpu-list 3 /tmp/topic22-5f93fdb-xxl-output/binaries/atomic-cost-native store_release 50000000
store_seqcst_release,10,1,store_seqcst,50000000,3028,1000000,5431086,266411652,5.328233040,49999999,taskset --cpu-list 3 /tmp/topic22-5f93fdb-xxl-output/binaries/atomic-cost-native store_seqcst 50000000
store_seqcst_release,10,2,store_seqcst,50000000,4744,1000000,5319348,266362690,5.327253800,49999999,taskset --cpu-list 3 /tmp/topic22-5f93fdb-xxl-output/binaries/atomic-cost-native store_seqcst 50000000
store_seqcst_release,10,3,store_release,50000000,4950,1000000,156355,7843574,0.156871480,49999999,taskset --cpu-list 3 /tmp/topic22-5f93fdb-xxl-output/binaries/atomic-cost-native store_release 50000000
fetch_add_seqcst_relaxed,10,0,fetch_add_relaxed,10000000,3044,1000000,5697365,56840048,5.684004800,10000000,taskset --cpu-list 3 /tmp/topic22-5f93fdb-xxl-output/binaries/atomic-cost-native fetch_add_relaxed 10000000
fetch_add_seqcst_relaxed,10,1,fetch_add_seqcst,10000000,3016,1000000,5679569,56921671,5.692167100,10000000,taskset --cpu-list 3 /tmp/topic22-5f93fdb-xxl-output/binaries/atomic-cost-native fetch_add_seqcst 10000000
fetch_add_seqcst_relaxed,10,2,fetch_add_seqcst,10000000,3189,1000000,5693502,56878174,5.687817400,10000000,taskset --cpu-list 3 /tmp/topic22-5f93fdb-xxl-output/binaries/atomic-cost-native fetch_add_seqcst 10000000
fetch_add_seqcst_relaxed,10,3,fetch_add_relaxed,10000000,3355,1000000,5683516,56815316,5.681531600,10000000,taskset --cpu-list 3 /tmp/topic22-5f93fdb-xxl-output/binaries/atomic-cost-native fetch_add_relaxed 10000000
store_relaxed_aa,10,0,store_relaxed,50000000,3267,1000000,156351,7842826,0.156856520,49999999,taskset --cpu-list 3 /tmp/topic22-5f93fdb-xxl-output/binaries/atomic-cost-native store_relaxed 50000000
store_relaxed_aa,10,1,store_relaxed,50000000,3320,1000000,156360,7852919,0.157058380,49999999,taskset --cpu-list 3 /tmp/topic22-5f93fdb-xxl-output/binaries/atomic-cost-native store_relaxed 50000000
store_release_relaxed,11,0,store_release,50000000,3037,1000000,156364,7840903,0.156818060,49999999,taskset --cpu-list 3 /tmp/topic22-5f93fdb-xxl-output/binaries/atomic-cost-native store_release 50000000
store_release_relaxed,11,1,store_relaxed,50000000,3116,1000000,156346,7840055,0.156801100,49999999,taskset --cpu-list 3 /tmp/topic22-5f93fdb-xxl-output/binaries/atomic-cost-native store_relaxed 50000000
store_release_relaxed,11,2,store_relaxed,50000000,5045,1000000,156367,7838258,0.156765160,49999999,taskset --cpu-list 3 /tmp/topic22-5f93fdb-xxl-output/binaries/atomic-cost-native store_relaxed 50000000
store_release_relaxed,11,3,store_release,50000000,3086,1000000,156385,7849978,0.156999560,49999999,taskset --cpu-list 3 /tmp/topic22-5f93fdb-xxl-output/binaries/atomic-cost-native store_release 50000000
store_seqcst_release,11,0,store_seqcst,50000000,3081,1000000,5350305,266301378,5.326027560,49999999,taskset --cpu-list 3 /tmp/topic22-5f93fdb-xxl-output/binaries/atomic-cost-native store_seqcst 50000000
store_seqcst_release,11,1,store_release,50000000,3220,1000000,172467,7822030,0.156440600,49999999,taskset --cpu-list 3 /tmp/topic22-5f93fdb-xxl-output/binaries/atomic-cost-native store_release 50000000
store_seqcst_release,11,2,store_release,50000000,3045,1000000,156340,7840311,0.156806220,49999999,taskset --cpu-list 3 /tmp/topic22-5f93fdb-xxl-output/binaries/atomic-cost-native store_release 50000000
store_seqcst_release,11,3,store_seqcst,50000000,3476,1000000,5340567,266429003,5.328580060,49999999,taskset --cpu-list 3 /tmp/topic22-5f93fdb-xxl-output/binaries/atomic-cost-native store_seqcst 50000000
fetch_add_seqcst_relaxed,11,0,fetch_add_seqcst,10000000,3212,1000000,5679771,56858039,5.685803900,10000000,taskset --cpu-list 3 /tmp/topic22-5f93fdb-xxl-output/binaries/atomic-cost-native fetch_add_seqcst 10000000
fetch_add_seqcst_relaxed,11,1,fetch_add_relaxed,10000000,2995,1000000,5709309,56816207,5.681620700,10000000,taskset --cpu-list 3 /tmp/topic22-5f93fdb-xxl-output/binaries/atomic-cost-native fetch_add_relaxed 10000000
fetch_add_seqcst_relaxed,11,2,fetch_add_relaxed,10000000,2996,1000000,5678226,56818442,5.681844200,10000000,taskset --cpu-list 3 /tmp/topic22-5f93fdb-xxl-output/binaries/atomic-cost-native fetch_add_relaxed 10000000
fetch_add_seqcst_relaxed,11,3,fetch_add_seqcst,10000000,3085,1000000,5697182,56902531,5.690253100,10000000,taskset --cpu-list 3 /tmp/topic22-5f93fdb-xxl-output/binaries/atomic-cost-native fetch_add_seqcst 10000000
store_relaxed_aa,11,0,store_relaxed,50000000,3251,1000000,156350,7839763,0.156795260,49999999,taskset --cpu-list 3 /tmp/topic22-5f93fdb-xxl-output/binaries/atomic-cost-native store_relaxed 50000000
store_relaxed_aa,11,1,store_relaxed,50000000,3147,1000000,156346,7843852,0.156877040,49999999,taskset --cpu-list 3 /tmp/topic22-5f93fdb-xxl-output/binaries/atomic-cost-native store_relaxed 50000000
