run_id	comparison	pair	position	order	mode	variant	input_bytes	passes	chunk_bytes	source_commit	input_checksum	expected_per_pass	checksum	expected_checksum	setup_ns	steady_ns	verify_ns	external_wall_ns
scalar_simd-p01-1	scalar-vs-simd	1	1	ab	scalar_whole	scalar	67108864	8	256	8301b344287c674f559dbbd22718a7c6cd49921d	8556834064	262560	2100480	2100480	125399047	160796431	300	295633183
scalar_simd-p01-2	scalar-vs-simd	1	2	ab	simd_whole	avx2	67108864	8	256	8301b344287c674f559dbbd22718a7c6cd49921d	8556834064	262560	2100480	2100480	123028107	26716529	680	159422053
scalar_simd-p02-1	scalar-vs-simd	2	1	ba	simd_whole	avx2	67108864	8	256	8301b344287c674f559dbbd22718a7c6cd49921d	8556834064	262560	2100480	2100480	122737714	26717560	250	159203402
scalar_simd-p02-2	scalar-vs-simd	2	2	ba	scalar_whole	scalar	67108864	8	256	8301b344287c674f559dbbd22718a7c6cd49921d	8556834064	262560	2100480	2100480	122851355	160822750	750	293936106
scalar_simd-p03-1	scalar-vs-simd	3	1	ab	scalar_whole	scalar	67108864	8	256	8301b344287c674f559dbbd22718a7c6cd49921d	8556834064	262560	2100480	2100480	122854025	160962280	640	293323142
scalar_simd-p03-2	scalar-vs-simd	3	2	ab	simd_whole	avx2	67108864	8	256	8301b344287c674f559dbbd22718a7c6cd49921d	8556834064	262560	2100480	2100480	123180397	26707169	250	159535193
scalar_simd-p04-1	scalar-vs-simd	4	1	ba	simd_whole	avx2	67108864	8	256	8301b344287c674f559dbbd22718a7c6cd49921d	8556834064	262560	2100480	2100480	122851156	26715949	430	159077550
scalar_simd-p04-2	scalar-vs-simd	4	2	ba	scalar_whole	scalar	67108864	8	256	8301b344287c674f559dbbd22718a7c6cd49921d	8556834064	262560	2100480	2100480	122822295	160908501	330	293590034
scalar_simd-p05-1	scalar-vs-simd	5	1	ab	scalar_whole	scalar	67108864	8	256	8301b344287c674f559dbbd22718a7c6cd49921d	8556834064	262560	2100480	2100480	123273598	160646149	610	293541453
scalar_simd-p05-2	scalar-vs-simd	5	2	ab	simd_whole	avx2	67108864	8	256	8301b344287c674f559dbbd22718a7c6cd49921d	8556834064	262560	2100480	2100480	122824526	26709099	610	159249853
scalar_simd-p06-1	scalar-vs-simd	6	1	ba	simd_whole	avx2	67108864	8	256	8301b344287c674f559dbbd22718a7c6cd49921d	8556834064	262560	2100480	2100480	122427283	26715290	290	158680318
scalar_simd-p06-2	scalar-vs-simd	6	2	ba	scalar_whole	scalar	67108864	8	256	8301b344287c674f559dbbd22718a7c6cd49921d	8556834064	262560	2100480	2100480	122570015	160947881	50	293489723
scalar_simd-p07-1	scalar-vs-simd	7	1	ab	scalar_whole	scalar	67108864	8	256	8301b344287c674f559dbbd22718a7c6cd49921d	8556834064	262560	2100480	2100480	122793255	160742400	610	292974600
scalar_simd-p07-2	scalar-vs-simd	7	2	ab	simd_whole	avx2	67108864	8	256	8301b344287c674f559dbbd22718a7c6cd49921d	8556834064	262560	2100480	2100480	121208218	26727209	640	157530594
scalar_simd-p08-1	scalar-vs-simd	8	1	ba	simd_whole	avx2	67108864	8	256	8301b344287c674f559dbbd22718a7c6cd49921d	8556834064	262560	2100480	2100480	122932486	26705259	300	160139116
scalar_simd-p08-2	scalar-vs-simd	8	2	ba	scalar_whole	scalar	67108864	8	256	8301b344287c674f559dbbd22718a7c6cd49921d	8556834064	262560	2100480	2100480	122681245	161032981	560	293434293
scalar_simd-p09-1	scalar-vs-simd	9	1	ab	scalar_whole	scalar	67108864	8	256	8301b344287c674f559dbbd22718a7c6cd49921d	8556834064	262560	2100480	2100480	122982556	160644900	510	293220172
scalar_simd-p09-2	scalar-vs-simd	9	2	ab	simd_whole	avx2	67108864	8	256	8301b344287c674f559dbbd22718a7c6cd49921d	8556834064	262560	2100480	2100480	122962696	26725139	40	159305763
scalar_simd-p10-1	scalar-vs-simd	10	1	ba	simd_whole	avx2	67108864	8	256	8301b344287c674f559dbbd22718a7c6cd49921d	8556834064	262560	2100480	2100480	122504813	26702550	250	158814899
scalar_simd-p10-2	scalar-vs-simd	10	2	ba	scalar_whole	scalar	67108864	8	256	8301b344287c674f559dbbd22718a7c6cd49921d	8556834064	262560	2100480	2100480	122597895	160641199	330	292903771
scalar_simd-p11-1	scalar-vs-simd	11	1	ab	scalar_whole	scalar	67108864	8	256	8301b344287c674f559dbbd22718a7c6cd49921d	8556834064	262560	2100480	2100480	122578864	160821131	320	293817574
scalar_simd-p11-2	scalar-vs-simd	11	2	ab	simd_whole	avx2	67108864	8	256	8301b344287c674f559dbbd22718a7c6cd49921d	8556834064	262560	2100480	2100480	123228137	26731610	410	159912225
scalar_simd-p12-1	scalar-vs-simd	12	1	ba	simd_whole	avx2	67108864	8	256	8301b344287c674f559dbbd22718a7c6cd49921d	8556834064	262560	2100480	2100480	122738355	26716409	340	159126901
scalar_simd-p12-2	scalar-vs-simd	12	2	ba	scalar_whole	scalar	67108864	8	256	8301b344287c674f559dbbd22718a7c6cd49921d	8556834064	262560	2100480	2100480	122861436	160894910	830	293198861
whole_chunks-p01-1	whole-vs-chunks	1	1	ab	dispatch_once	avx2	67108864	8	256	8301b344287c674f559dbbd22718a7c6cd49921d	8556834064	262560	2100480	2100480	122496314	26716570	1000	158637640
whole_chunks-p01-2	whole-vs-chunks	1	2	ab	cached_chunks	avx2	67108864	8	256	8301b344287c674f559dbbd22718a7c6cd49921d	8556834064	262560	2100480	2100480	121094787	29782114	680	160587499
whole_chunks-p02-1	whole-vs-chunks	2	1	ba	cached_chunks	avx2	67108864	8	256	8301b344287c674f559dbbd22718a7c6cd49921d	8556834064	262560	2100480	2100480	122639745	29757644	630	162602168
whole_chunks-p02-2	whole-vs-chunks	2	2	ba	dispatch_once	avx2	67108864	8	256	8301b344287c674f559dbbd22718a7c6cd49921d	8556834064	262560	2100480	2100480	122802495	26709940	380	158961700
whole_chunks-p03-1	whole-vs-chunks	3	1	ab	dispatch_once	avx2	67108864	8	256	8301b344287c674f559dbbd22718a7c6cd49921d	8556834064	262560	2100480	2100480	122727686	26792839	920	159095041
whole_chunks-p03-2	whole-vs-chunks	3	2	ab	cached_chunks	avx2	67108864	8	256	8301b344287c674f559dbbd22718a7c6cd49921d	8556834064	262560	2100480	2100480	122571424	29776515	750	161919876
whole_chunks-p04-1	whole-vs-chunks	4	1	ba	cached_chunks	avx2	67108864	8	256	8301b344287c674f559dbbd22718a7c6cd49921d	8556834064	262560	2100480	2100480	122450223	29769914	750	162031145
whole_chunks-p04-2	whole-vs-chunks	4	2	ba	dispatch_once	avx2	67108864	8	256	8301b344287c674f559dbbd22718a7c6cd49921d	8556834064	262560	2100480	2100480	122979996	26718639	740	159243613
whole_chunks-p05-1	whole-vs-chunks	5	1	ab	dispatch_once	avx2	67108864	8	256	8301b344287c674f559dbbd22718a7c6cd49921d	8556834064	262560	2100480	2100480	122538584	26699749	410	158702739
whole_chunks-p05-2	whole-vs-chunks	5	2	ab	cached_chunks	avx2	67108864	8	256	8301b344287c674f559dbbd22718a7c6cd49921d	8556834064	262560	2100480	2100480	122748135	29783444	1580	162232906
whole_chunks-p06-1	whole-vs-chunks	6	1	ba	cached_chunks	avx2	67108864	8	256	8301b344287c674f559dbbd22718a7c6cd49921d	8556834064	262560	2100480	2100480	122617065	29745844	910	162069156
whole_chunks-p06-2	whole-vs-chunks	6	2	ba	dispatch_once	avx2	67108864	8	256	8301b344287c674f559dbbd22718a7c6cd49921d	8556834064	262560	2100480	2100480	122527973	26722650	580	159115451
whole_chunks-p07-1	whole-vs-chunks	7	1	ab	dispatch_once	avx2	67108864	8	256	8301b344287c674f559dbbd22718a7c6cd49921d	8556834064	262560	2100480	2100480	122679665	26676660	260	158873810
whole_chunks-p07-2	whole-vs-chunks	7	2	ab	cached_chunks	avx2	67108864	8	256	8301b344287c674f559dbbd22718a7c6cd49921d	8556834064	262560	2100480	2100480	122582664	29771324	800	161980885
whole_chunks-p08-1	whole-vs-chunks	8	1	ba	cached_chunks	avx2	67108864	8	256	8301b344287c674f559dbbd22718a7c6cd49921d	8556834064	262560	2100480	2100480	122931856	29804904	670	162270217
whole_chunks-p08-2	whole-vs-chunks	8	2	ba	dispatch_once	avx2	67108864	8	256	8301b344287c674f559dbbd22718a7c6cd49921d	8556834064	262560	2100480	2100480	122720485	26780910	380	159049790
whole_chunks-p09-1	whole-vs-chunks	9	1	ab	dispatch_once	avx2	67108864	8	256	8301b344287c674f559dbbd22718a7c6cd49921d	8556834064	262560	2100480	2100480	122534204	26692390	740	158975961
whole_chunks-p09-2	whole-vs-chunks	9	2	ab	cached_chunks	avx2	67108864	8	256	8301b344287c674f559dbbd22718a7c6cd49921d	8556834064	262560	2100480	2100480	122685955	29758224	250	162396408
whole_chunks-p10-1	whole-vs-chunks	10	1	ba	cached_chunks	avx2	67108864	8	256	8301b344287c674f559dbbd22718a7c6cd49921d	8556834064	262560	2100480	2100480	122684094	29806525	870	162437297
whole_chunks-p10-2	whole-vs-chunks	10	2	ba	dispatch_once	avx2	67108864	8	256	8301b344287c674f559dbbd22718a7c6cd49921d	8556834064	262560	2100480	2100480	122751425	26685799	610	159335913
whole_chunks-p11-1	whole-vs-chunks	11	1	ab	dispatch_once	avx2	67108864	8	256	8301b344287c674f559dbbd22718a7c6cd49921d	8556834064	262560	2100480	2100480	123438139	26685519	630	159751845
whole_chunks-p11-2	whole-vs-chunks	11	2	ab	cached_chunks	avx2	67108864	8	256	8301b344287c674f559dbbd22718a7c6cd49921d	8556834064	262560	2100480	2100480	122640934	29844195	530	162126845
whole_chunks-p12-1	whole-vs-chunks	12	1	ba	cached_chunks	avx2	67108864	8	256	8301b344287c674f559dbbd22718a7c6cd49921d	8556834064	262560	2100480	2100480	121940431	29743684	920	161207342
whole_chunks-p12-2	whole-vs-chunks	12	2	ba	dispatch_once	avx2	67108864	8	256	8301b344287c674f559dbbd22718a7c6cd49921d	8556834064	262560	2100480	2100480	122787615	26753240	410	159020741
cached_detect-p01-1	cached-vs-detect	1	1	ab	cached_chunks	avx2	67108864	8	256	8301b344287c674f559dbbd22718a7c6cd49921d	8556834064	262560	2100480	2100480	122519174	29782836	980	162166837
cached_detect-p01-2	cached-vs-detect	1	2	ab	detect_chunks	avx2	67108864	8	256	8301b344287c674f559dbbd22718a7c6cd49921d	8556834064	262560	2100480	2100480	122759305	30540188	540	163091341
cached_detect-p02-1	cached-vs-detect	2	1	ba	detect_chunks	avx2	67108864	8	256	8301b344287c674f559dbbd22718a7c6cd49921d	8556834064	262560	2100480	2100480	122775266	30536548	480	162878359
cached_detect-p02-2	cached-vs-detect	2	2	ba	cached_chunks	avx2	67108864	8	256	8301b344287c674f559dbbd22718a7c6cd49921d	8556834064	262560	2100480	2100480	122841275	29756964	410	162123956
cached_detect-p03-1	cached-vs-detect	3	1	ab	cached_chunks	avx2	67108864	8	256	8301b344287c674f559dbbd22718a7c6cd49921d	8556834064	262560	2100480	2100480	122868996	29727814	960	162104556
cached_detect-p03-2	cached-vs-detect	3	2	ab	detect_chunks	avx2	67108864	8	256	8301b344287c674f559dbbd22718a7c6cd49921d	8556834064	262560	2100480	2100480	122720505	30496568	630	162639858
cached_detect-p04-1	cached-vs-detect	4	1	ba	detect_chunks	avx2	67108864	8	256	8301b344287c674f559dbbd22718a7c6cd49921d	8556834064	262560	2100480	2100480	122591684	30523838	940	162605748
cached_detect-p04-2	cached-vs-detect	4	2	ba	cached_chunks	avx2	67108864	8	256	8301b344287c674f559dbbd22718a7c6cd49921d	8556834064	262560	2100480	2100480	122453093	29785264	1060	161861825
cached_detect-p05-1	cached-vs-detect	5	1	ab	cached_chunks	avx2	67108864	8	256	8301b344287c674f559dbbd22718a7c6cd49921d	8556834064	262560	2100480	2100480	122844145	29745855	850	162173047
cached_detect-p05-2	cached-vs-detect	5	2	ab	detect_chunks	avx2	67108864	8	256	8301b344287c674f559dbbd22718a7c6cd49921d	8556834064	262560	2100480	2100480	122621475	30490507	270	163038860
cached_detect-p06-1	cached-vs-detect	6	1	ba	detect_chunks	avx2	67108864	8	256	8301b344287c674f559dbbd22718a7c6cd49921d	8556834064	262560	2100480	2100480	123093036	30558958	501	163129631
cached_detect-p06-2	cached-vs-detect	6	2	ba	cached_chunks	avx2	67108864	8	256	8301b344287c674f559dbbd22718a7c6cd49921d	8556834064	262560	2100480	2100480	122434504	29751094	1300	161756895
cached_detect-p07-1	cached-vs-detect	7	1	ab	cached_chunks	avx2	67108864	8	256	8301b344287c674f559dbbd22718a7c6cd49921d	8556834064	262560	2100480	2100480	122576374	29749335	840	161969296
cached_detect-p07-2	cached-vs-detect	7	2	ab	detect_chunks	avx2	67108864	8	256	8301b344287c674f559dbbd22718a7c6cd49921d	8556834064	262560	2100480	2100480	122723294	30498418	260	162768568
cached_detect-p08-1	cached-vs-detect	8	1	ba	detect_chunks	avx2	67108864	8	256	8301b344287c674f559dbbd22718a7c6cd49921d	8556834064	262560	2100480	2100480	122630375	30555508	310	163062241
cached_detect-p08-2	cached-vs-detect	8	2	ba	cached_chunks	avx2	67108864	8	256	8301b344287c674f559dbbd22718a7c6cd49921d	8556834064	262560	2100480	2100480	123028946	29715854	1390	162711008
cached_detect-p09-1	cached-vs-detect	9	1	ab	cached_chunks	avx2	67108864	8	256	8301b344287c674f559dbbd22718a7c6cd49921d	8556834064	262560	2100480	2100480	123069447	29788545	940	162949360
cached_detect-p09-2	cached-vs-detect	9	2	ab	detect_chunks	avx2	67108864	8	256	8301b344287c674f559dbbd22718a7c6cd49921d	8556834064	262560	2100480	2100480	122693215	30579715	890	163005776
cached_detect-p10-1	cached-vs-detect	10	1	ba	detect_chunks	avx2	67108864	8	256	8301b344287c674f559dbbd22718a7c6cd49921d	8556834064	262560	2100480	2100480	123006790	30572854	680	163123649
cached_detect-p10-2	cached-vs-detect	10	2	ba	cached_chunks	avx2	67108864	8	256	8301b344287c674f559dbbd22718a7c6cd49921d	8556834064	262560	2100480	2100480	122787349	29726900	530	162161474
cached_detect-p11-1	cached-vs-detect	11	1	ab	cached_chunks	avx2	67108864	8	256	8301b344287c674f559dbbd22718a7c6cd49921d	8556834064	262560	2100480	2100480	123035299	29757510	750	162486955
cached_detect-p11-2	cached-vs-detect	11	2	ab	detect_chunks	avx2	67108864	8	256	8301b344287c674f559dbbd22718a7c6cd49921d	8556834064	262560	2100480	2100480	122907850	30490343	310	162840088
cached_detect-p12-1	cached-vs-detect	12	1	ba	detect_chunks	avx2	67108864	8	256	8301b344287c674f559dbbd22718a7c6cd49921d	8556834064	262560	2100480	2100480	122721908	30544384	520	162917989
cached_detect-p12-2	cached-vs-detect	12	2	ba	cached_chunks	avx2	67108864	8	256	8301b344287c674f559dbbd22718a7c6cd49921d	8556834064	262560	2100480	2100480	122572018	29785450	250	161960742
