block,launch,run,pid,order,position,label,elapsed_ns,checksum,target_bytes,thrash_bytes
1,1,1,51627,AB,1,A,1601798,6995956920135270004,33554432,268435456
1,1,1,51627,AB,2,B,1204326,6995956920135270004,33554432,268435456
1,2,2,51634,BA,1,B,1608699,6995956920135270004,33554432,268435456
1,2,2,51634,BA,2,A,1197696,6995956920135270004,33554432,268435456
2,1,3,51647,BA,1,B,1612878,6995956920135270004,33554432,268435456
2,1,3,51647,BA,2,A,1213416,6995956920135270004,33554432,268435456
2,2,4,51653,AB,1,A,1628278,6995956920135270004,33554432,268435456
2,2,4,51653,AB,2,B,1201056,6995956920135270004,33554432,268435456
3,1,5,51658,AB,1,A,1605728,6995956920135270004,33554432,268435456
3,1,5,51658,AB,2,B,1221656,6995956920135270004,33554432,268435456
3,2,6,51663,BA,1,B,1638339,6995956920135270004,33554432,268435456
3,2,6,51663,BA,2,A,1195696,6995956920135270004,33554432,268435456
4,1,7,51668,BA,1,B,1615328,6995956920135270004,33554432,268435456
4,1,7,51668,BA,2,A,1210976,6995956920135270004,33554432,268435456
4,2,8,51673,AB,1,A,1623148,6995956920135270004,33554432,268435456
4,2,8,51673,AB,2,B,1194366,6995956920135270004,33554432,268435456
5,1,9,51678,AB,1,A,1596008,6995956920135270004,33554432,268435456
5,1,9,51678,AB,2,B,1223586,6995956920135270004,33554432,268435456
5,2,10,51684,BA,1,B,1617688,6995956920135270004,33554432,268435456
5,2,10,51684,BA,2,A,1198266,6995956920135270004,33554432,268435456
6,1,11,51689,BA,1,B,1612588,6995956920135270004,33554432,268435456
6,1,11,51689,BA,2,A,1203866,6995956920135270004,33554432,268435456
6,2,12,51694,AB,1,A,1619358,6995956920135270004,33554432,268435456
6,2,12,51694,AB,2,B,1186846,6995956920135270004,33554432,268435456
7,1,13,51699,AB,1,A,1602498,6995956920135270004,33554432,268435456
7,1,13,51699,AB,2,B,1207336,6995956920135270004,33554432,268435456
7,2,14,51704,BA,1,B,1614198,6995956920135270004,33554432,268435456
7,2,14,51704,BA,2,A,1207206,6995956920135270004,33554432,268435456
8,1,15,51709,BA,1,B,1625909,6995956920135270004,33554432,268435456
8,1,15,51709,BA,2,A,1200566,6995956920135270004,33554432,268435456
8,2,16,51715,AB,1,A,1612428,6995956920135270004,33554432,268435456
8,2,16,51715,AB,2,B,1195356,6995956920135270004,33554432,268435456
9,1,17,51720,AB,1,A,1583318,6995956920135270004,33554432,268435456
9,1,17,51720,AB,2,B,1259126,6995956920135270004,33554432,268435456
9,2,18,51725,BA,1,B,1621978,6995956920135270004,33554432,268435456
9,2,18,51725,BA,2,A,1207236,6995956920135270004,33554432,268435456
10,1,19,51730,BA,1,B,1628729,6995956920135270004,33554432,268435456
10,1,19,51730,BA,2,A,1195776,6995956920135270004,33554432,268435456
10,2,20,51745,AB,1,A,1600678,6995956920135270004,33554432,268435456
10,2,20,51745,AB,2,B,1218606,6995956920135270004,33554432,268435456
11,1,21,51756,AB,1,A,1623828,6995956920135270004,33554432,268435456
11,1,21,51756,AB,2,B,1214707,6995956920135270004,33554432,268435456
11,2,22,51762,BA,1,B,1612978,6995956920135270004,33554432,268435456
11,2,22,51762,BA,2,A,1205476,6995956920135270004,33554432,268435456
12,1,23,51767,BA,1,B,1626928,6995956920135270004,33554432,268435456
12,1,23,51767,BA,2,A,1212626,6995956920135270004,33554432,268435456
12,2,24,51772,AB,1,A,1614828,6995956920135270004,33554432,268435456
12,2,24,51772,AB,2,B,1187036,6995956920135270004,33554432,268435456
