run_sequence,comparison,left,right,block,order,position,label,binary,mode,iterations,seed,elapsed_ns,process_wall_ns,checksum,status,error
0,identity-steady,baseline,baseline-copy,0,BAAB,0,B,baseline-copy,alpha,20000000,2,48806987,50967276,738344c7b84fb861,ok,
1,identity-steady,baseline,baseline-copy,0,BAAB,1,A,baseline,alpha,20000000,2,49004980,51630421,738344c7b84fb861,ok,
2,identity-steady,baseline,baseline-copy,0,BAAB,2,A,baseline,alpha,20000000,2,48853188,51472549,738344c7b84fb861,ok,
3,identity-steady,baseline,baseline-copy,0,BAAB,3,B,baseline-copy,alpha,20000000,2,48876929,51572161,738344c7b84fb861,ok,
4,alpha-trained-startup,baseline,pgo-alpha,0,ABBA,0,A,baseline,noop,0,2,0,2502631,0000000000000002,ok,
5,alpha-trained-startup,baseline,pgo-alpha,0,ABBA,1,B,pgo-alpha,noop,0,2,0,2038619,0000000000000002,ok,
6,alpha-trained-startup,baseline,pgo-alpha,0,ABBA,2,B,pgo-alpha,noop,0,2,0,1982648,0000000000000002,ok,
7,alpha-trained-startup,baseline,pgo-alpha,0,ABBA,3,A,baseline,noop,0,2,0,2010549,0000000000000002,ok,
8,identity-startup,baseline,baseline-copy,0,ABBA,0,A,baseline,noop,0,2,0,1943299,0000000000000002,ok,
9,identity-startup,baseline,baseline-copy,0,ABBA,1,B,baseline-copy,noop,0,2,0,1942638,0000000000000002,ok,
10,identity-startup,baseline,baseline-copy,0,ABBA,2,B,baseline-copy,noop,0,2,0,1986368,0000000000000002,ok,
11,identity-startup,baseline,baseline-copy,0,ABBA,3,A,baseline,noop,0,2,0,1993099,0000000000000002,ok,
12,alpha-trained-beta,baseline,pgo-alpha,0,BAAB,0,B,pgo-alpha,beta,20000000,2,54286592,56547062,45a6fabf192242a9,ok,
13,alpha-trained-beta,baseline,pgo-alpha,0,BAAB,1,A,baseline,beta,20000000,2,48801367,51427698,45a6fabf192242a9,ok,
14,alpha-trained-beta,baseline,pgo-alpha,0,BAAB,2,A,baseline,beta,20000000,2,49223450,51804722,45a6fabf192242a9,ok,
15,alpha-trained-beta,baseline,pgo-alpha,0,BAAB,3,B,pgo-alpha,beta,20000000,2,54267291,56938642,45a6fabf192242a9,ok,
16,alpha-trained-alpha,baseline,pgo-alpha,0,ABBA,0,A,baseline,alpha,20000000,2,48815339,51465990,738344c7b84fb861,ok,
17,alpha-trained-alpha,baseline,pgo-alpha,0,ABBA,1,B,pgo-alpha,alpha,20000000,2,54328710,56921962,738344c7b84fb861,ok,
18,alpha-trained-alpha,baseline,pgo-alpha,0,ABBA,2,B,pgo-alpha,alpha,20000000,2,54287991,56829722,738344c7b84fb861,ok,
19,alpha-trained-alpha,baseline,pgo-alpha,0,ABBA,3,A,baseline,alpha,20000000,2,48802029,51390920,738344c7b84fb861,ok,
20,profile-choice-beta,pgo-beta,pgo-alpha,0,BAAB,0,B,pgo-alpha,beta,20000000,2,59751054,62387655,45a6fabf192242a9,ok,
21,profile-choice-beta,pgo-beta,pgo-alpha,0,BAAB,1,A,pgo-beta,beta,20000000,2,54276712,56940953,45a6fabf192242a9,ok,
22,profile-choice-beta,pgo-beta,pgo-alpha,0,BAAB,2,A,pgo-beta,beta,20000000,2,54319661,56933712,45a6fabf192242a9,ok,
23,profile-choice-beta,pgo-beta,pgo-alpha,0,BAAB,3,B,pgo-alpha,beta,20000000,2,54288891,56922102,45a6fabf192242a9,ok,
24,profile-choice-alpha,pgo-beta,pgo-alpha,0,BAAB,0,B,pgo-alpha,alpha,20000000,2,54297733,56921854,738344c7b84fb861,ok,
25,profile-choice-alpha,pgo-beta,pgo-alpha,0,BAAB,1,A,pgo-beta,alpha,20000000,2,59714564,62359795,738344c7b84fb861,ok,
26,profile-choice-alpha,pgo-beta,pgo-alpha,0,BAAB,2,A,pgo-beta,alpha,20000000,2,59805316,62443257,738344c7b84fb861,ok,
27,profile-choice-alpha,pgo-beta,pgo-alpha,0,BAAB,3,B,pgo-alpha,alpha,20000000,2,54281771,56965242,738344c7b84fb861,ok,
28,profile-choice-alpha,pgo-beta,pgo-alpha,1,ABBA,0,A,pgo-beta,alpha,20000000,2,59701354,62352355,738344c7b84fb861,ok,
29,profile-choice-alpha,pgo-beta,pgo-alpha,1,ABBA,1,B,pgo-alpha,alpha,20000000,2,54264272,56963973,738344c7b84fb861,ok,
30,profile-choice-alpha,pgo-beta,pgo-alpha,1,ABBA,2,B,pgo-alpha,alpha,20000000,2,54290701,56940982,738344c7b84fb861,ok,
31,profile-choice-alpha,pgo-beta,pgo-alpha,1,ABBA,3,A,pgo-beta,alpha,20000000,2,59943585,62589877,738344c7b84fb861,ok,
32,identity-steady,baseline,baseline-copy,1,BAAB,0,B,baseline-copy,alpha,20000000,2,48804758,51443721,738344c7b84fb861,ok,
33,identity-steady,baseline,baseline-copy,1,BAAB,1,A,baseline,alpha,20000000,2,48909378,51479849,738344c7b84fb861,ok,
34,identity-steady,baseline,baseline-copy,1,BAAB,2,A,baseline,alpha,20000000,2,48851029,51450091,738344c7b84fb861,ok,
35,identity-steady,baseline,baseline-copy,1,BAAB,3,B,baseline-copy,alpha,20000000,2,48795267,51335608,738344c7b84fb861,ok,
36,alpha-trained-alpha,baseline,pgo-alpha,1,BAAB,0,B,pgo-alpha,alpha,20000000,2,54295742,56894543,738344c7b84fb861,ok,
37,alpha-trained-alpha,baseline,pgo-alpha,1,BAAB,1,A,baseline,alpha,20000000,2,48885048,51508959,738344c7b84fb861,ok,
38,alpha-trained-alpha,baseline,pgo-alpha,1,BAAB,2,A,baseline,alpha,20000000,2,48802689,51375900,738344c7b84fb861,ok,
39,alpha-trained-alpha,baseline,pgo-alpha,1,BAAB,3,B,pgo-alpha,alpha,20000000,2,54270500,56898741,738344c7b84fb861,ok,
40,alpha-trained-beta,baseline,pgo-alpha,1,BAAB,0,B,pgo-alpha,beta,20000000,2,59755894,62417176,45a6fabf192242a9,ok,
41,alpha-trained-beta,baseline,pgo-alpha,1,BAAB,1,A,baseline,beta,20000000,2,48939890,51607781,45a6fabf192242a9,ok,
42,alpha-trained-beta,baseline,pgo-alpha,1,BAAB,2,A,baseline,beta,20000000,2,48803507,51454759,45a6fabf192242a9,ok,
43,alpha-trained-beta,baseline,pgo-alpha,1,BAAB,3,B,pgo-alpha,beta,20000000,2,54298272,56897973,45a6fabf192242a9,ok,
44,profile-choice-beta,pgo-beta,pgo-alpha,1,BAAB,0,B,pgo-alpha,beta,20000000,2,54355191,56985722,45a6fabf192242a9,ok,
45,profile-choice-beta,pgo-beta,pgo-alpha,1,BAAB,1,A,pgo-beta,beta,20000000,2,54291301,56968752,45a6fabf192242a9,ok,
46,profile-choice-beta,pgo-beta,pgo-alpha,1,BAAB,2,A,pgo-beta,beta,20000000,2,54228191,56836783,45a6fabf192242a9,ok,
47,profile-choice-beta,pgo-beta,pgo-alpha,1,BAAB,3,B,pgo-alpha,beta,20000000,2,59780304,62467996,45a6fabf192242a9,ok,
48,identity-startup,baseline,baseline-copy,1,BAAB,0,B,baseline-copy,noop,0,2,0,2547991,0000000000000002,ok,
49,identity-startup,baseline,baseline-copy,1,BAAB,1,A,baseline,noop,0,2,0,2230709,0000000000000002,ok,
50,identity-startup,baseline,baseline-copy,1,BAAB,2,A,baseline,noop,0,2,0,2014858,0000000000000002,ok,
51,identity-startup,baseline,baseline-copy,1,BAAB,3,B,baseline-copy,noop,0,2,0,1936948,0000000000000002,ok,
52,alpha-trained-startup,baseline,pgo-alpha,1,BAAB,0,B,pgo-alpha,noop,0,2,0,1883628,0000000000000002,ok,
53,alpha-trained-startup,baseline,pgo-alpha,1,BAAB,1,A,baseline,noop,0,2,0,1920728,0000000000000002,ok,
54,alpha-trained-startup,baseline,pgo-alpha,1,BAAB,2,A,baseline,noop,0,2,0,2029609,0000000000000002,ok,
55,alpha-trained-startup,baseline,pgo-alpha,1,BAAB,3,B,pgo-alpha,noop,0,2,0,1919789,0000000000000002,ok,
56,alpha-trained-startup,baseline,pgo-alpha,2,ABBA,0,A,baseline,noop,0,2,0,1899978,0000000000000002,ok,
57,alpha-trained-startup,baseline,pgo-alpha,2,ABBA,1,B,pgo-alpha,noop,0,2,0,1896718,0000000000000002,ok,
58,alpha-trained-startup,baseline,pgo-alpha,2,ABBA,2,B,pgo-alpha,noop,0,2,0,1882928,0000000000000002,ok,
59,alpha-trained-startup,baseline,pgo-alpha,2,ABBA,3,A,baseline,noop,0,2,0,1929179,0000000000000002,ok,
60,profile-choice-alpha,pgo-beta,pgo-alpha,2,BAAB,0,B,pgo-alpha,alpha,20000000,2,54282081,56412710,738344c7b84fb861,ok,
61,profile-choice-alpha,pgo-beta,pgo-alpha,2,BAAB,1,A,pgo-beta,alpha,20000000,2,60150647,62851458,738344c7b84fb861,ok,
62,profile-choice-alpha,pgo-beta,pgo-alpha,2,BAAB,2,A,pgo-beta,alpha,20000000,2,54288151,56968362,738344c7b84fb861,ok,
63,profile-choice-alpha,pgo-beta,pgo-alpha,2,BAAB,3,B,pgo-alpha,alpha,20000000,2,54235791,56875782,738344c7b84fb861,ok,
64,alpha-trained-alpha,baseline,pgo-alpha,2,BAAB,0,B,pgo-alpha,alpha,20000000,2,54412142,57035973,738344c7b84fb861,ok,
65,alpha-trained-alpha,baseline,pgo-alpha,2,BAAB,1,A,baseline,alpha,20000000,2,48859878,51492459,738344c7b84fb861,ok,
66,alpha-trained-alpha,baseline,pgo-alpha,2,BAAB,2,A,baseline,alpha,20000000,2,48802629,51385350,738344c7b84fb861,ok,
67,alpha-trained-alpha,baseline,pgo-alpha,2,BAAB,3,B,pgo-alpha,alpha,20000000,2,54297600,56977763,738344c7b84fb861,ok,
68,profile-choice-beta,pgo-beta,pgo-alpha,2,BAAB,0,B,pgo-alpha,beta,20000000,2,59700125,62398617,45a6fabf192242a9,ok,
69,profile-choice-beta,pgo-beta,pgo-alpha,2,BAAB,1,A,pgo-beta,beta,20000000,2,54350521,57026202,45a6fabf192242a9,ok,
70,profile-choice-beta,pgo-beta,pgo-alpha,2,BAAB,2,A,pgo-beta,beta,20000000,2,54375722,57067763,45a6fabf192242a9,ok,
71,profile-choice-beta,pgo-beta,pgo-alpha,2,BAAB,3,B,pgo-alpha,beta,20000000,2,59721935,62455267,45a6fabf192242a9,ok,
72,identity-steady,baseline,baseline-copy,2,ABBA,0,A,baseline,alpha,20000000,2,48840577,51553859,738344c7b84fb861,ok,
73,identity-steady,baseline,baseline-copy,2,ABBA,1,B,baseline-copy,alpha,20000000,2,48881619,51552500,738344c7b84fb861,ok,
74,identity-steady,baseline,baseline-copy,2,ABBA,2,B,baseline-copy,alpha,20000000,2,48903518,51522439,738344c7b84fb861,ok,
75,identity-steady,baseline,baseline-copy,2,ABBA,3,A,baseline,alpha,20000000,2,48859369,51450960,738344c7b84fb861,ok,
76,identity-startup,baseline,baseline-copy,2,ABBA,0,A,baseline,noop,0,2,0,2657081,0000000000000002,ok,
77,identity-startup,baseline,baseline-copy,2,ABBA,1,B,baseline-copy,noop,0,2,0,1958349,0000000000000002,ok,
78,identity-startup,baseline,baseline-copy,2,ABBA,2,B,baseline-copy,noop,0,2,0,1899408,0000000000000002,ok,
79,identity-startup,baseline,baseline-copy,2,ABBA,3,A,baseline,noop,0,2,0,1914738,0000000000000002,ok,
80,alpha-trained-beta,baseline,pgo-alpha,2,BAAB,0,B,pgo-alpha,beta,20000000,2,54234222,56436401,45a6fabf192242a9,ok,
81,alpha-trained-beta,baseline,pgo-alpha,2,BAAB,1,A,baseline,beta,20000000,2,49071469,51694410,45a6fabf192242a9,ok,
82,alpha-trained-beta,baseline,pgo-alpha,2,BAAB,2,A,baseline,beta,20000000,2,49099990,51683581,45a6fabf192242a9,ok,
83,alpha-trained-beta,baseline,pgo-alpha,2,BAAB,3,B,pgo-alpha,beta,20000000,2,59723754,62375135,45a6fabf192242a9,ok,
84,identity-steady,baseline,baseline-copy,3,BAAB,0,B,baseline-copy,alpha,20000000,2,48861119,51527540,738344c7b84fb861,ok,
85,identity-steady,baseline,baseline-copy,3,BAAB,1,A,baseline,alpha,20000000,2,48821217,51403188,738344c7b84fb861,ok,
86,identity-steady,baseline,baseline-copy,3,BAAB,2,A,baseline,alpha,20000000,2,48907239,51508280,738344c7b84fb861,ok,
87,identity-steady,baseline,baseline-copy,3,BAAB,3,B,baseline-copy,alpha,20000000,2,48866057,51466218,738344c7b84fb861,ok,
88,alpha-trained-alpha,baseline,pgo-alpha,3,ABBA,0,A,baseline,alpha,20000000,2,48805978,51394809,738344c7b84fb861,ok,
89,alpha-trained-alpha,baseline,pgo-alpha,3,ABBA,1,B,pgo-alpha,alpha,20000000,2,54308472,56945804,738344c7b84fb861,ok,
90,alpha-trained-alpha,baseline,pgo-alpha,3,ABBA,2,B,pgo-alpha,alpha,20000000,2,54293391,56903882,738344c7b84fb861,ok,
91,alpha-trained-alpha,baseline,pgo-alpha,3,ABBA,3,A,baseline,alpha,20000000,2,48912129,51525880,738344c7b84fb861,ok,
92,identity-startup,baseline,baseline-copy,3,ABBA,0,A,baseline,noop,0,2,0,2370210,0000000000000002,ok,
93,identity-startup,baseline,baseline-copy,3,ABBA,1,B,baseline-copy,noop,0,2,0,1986269,0000000000000002,ok,
94,identity-startup,baseline,baseline-copy,3,ABBA,2,B,baseline-copy,noop,0,2,0,1941888,0000000000000002,ok,
95,identity-startup,baseline,baseline-copy,3,ABBA,3,A,baseline,noop,0,2,0,1935978,0000000000000002,ok,
96,alpha-trained-beta,baseline,pgo-alpha,3,BAAB,0,B,pgo-alpha,beta,20000000,2,54374621,56526181,45a6fabf192242a9,ok,
97,alpha-trained-beta,baseline,pgo-alpha,3,BAAB,1,A,baseline,beta,20000000,2,48788599,51423630,45a6fabf192242a9,ok,
98,alpha-trained-beta,baseline,pgo-alpha,3,BAAB,2,A,baseline,beta,20000000,2,48866618,51713379,45a6fabf192242a9,ok,
99,alpha-trained-beta,baseline,pgo-alpha,3,BAAB,3,B,pgo-alpha,beta,20000000,2,54250611,56880572,45a6fabf192242a9,ok,
100,profile-choice-beta,pgo-beta,pgo-alpha,3,BAAB,0,B,pgo-alpha,beta,20000000,2,59888867,62474537,45a6fabf192242a9,ok,
101,profile-choice-beta,pgo-beta,pgo-alpha,3,BAAB,1,A,pgo-beta,beta,20000000,2,54238700,56922462,45a6fabf192242a9,ok,
102,profile-choice-beta,pgo-beta,pgo-alpha,3,BAAB,2,A,pgo-beta,beta,20000000,2,54215442,56902933,45a6fabf192242a9,ok,
103,profile-choice-beta,pgo-beta,pgo-alpha,3,BAAB,3,B,pgo-alpha,beta,20000000,2,54294321,56916162,45a6fabf192242a9,ok,
104,profile-choice-alpha,pgo-beta,pgo-alpha,3,ABBA,0,A,pgo-beta,alpha,20000000,2,59752585,62377106,738344c7b84fb861,ok,
105,profile-choice-alpha,pgo-beta,pgo-alpha,3,ABBA,1,B,pgo-alpha,alpha,20000000,2,54312432,57024334,738344c7b84fb861,ok,
106,profile-choice-alpha,pgo-beta,pgo-alpha,3,ABBA,2,B,pgo-alpha,alpha,20000000,2,54224271,56844892,738344c7b84fb861,ok,
107,profile-choice-alpha,pgo-beta,pgo-alpha,3,ABBA,3,A,pgo-beta,alpha,20000000,2,54285212,56977423,738344c7b84fb861,ok,
108,alpha-trained-startup,baseline,pgo-alpha,3,BAAB,0,B,pgo-alpha,noop,0,2,0,2448890,0000000000000002,ok,
109,alpha-trained-startup,baseline,pgo-alpha,3,BAAB,1,A,baseline,noop,0,2,0,2024829,0000000000000002,ok,
110,alpha-trained-startup,baseline,pgo-alpha,3,BAAB,2,A,baseline,noop,0,2,0,1926428,0000000000000002,ok,
111,alpha-trained-startup,baseline,pgo-alpha,3,BAAB,3,B,pgo-alpha,noop,0,2,0,1905388,0000000000000002,ok,
112,alpha-trained-alpha,baseline,pgo-alpha,4,BAAB,0,B,pgo-alpha,alpha,20000000,2,54296833,56469282,738344c7b84fb861,ok,
113,alpha-trained-alpha,baseline,pgo-alpha,4,BAAB,1,A,baseline,alpha,20000000,2,48894757,51541810,738344c7b84fb861,ok,
114,alpha-trained-alpha,baseline,pgo-alpha,4,BAAB,2,A,baseline,alpha,20000000,2,48944999,51514480,738344c7b84fb861,ok,
115,alpha-trained-alpha,baseline,pgo-alpha,4,BAAB,3,B,pgo-alpha,alpha,20000000,2,54290551,56928512,738344c7b84fb861,ok,
116,profile-choice-beta,pgo-beta,pgo-alpha,4,BAAB,0,B,pgo-alpha,beta,20000000,2,59724475,62365136,45a6fabf192242a9,ok,
117,profile-choice-beta,pgo-beta,pgo-alpha,4,BAAB,1,A,pgo-beta,beta,20000000,2,54346982,57019973,45a6fabf192242a9,ok,
118,profile-choice-beta,pgo-beta,pgo-alpha,4,BAAB,2,A,pgo-beta,beta,20000000,2,54350441,56988622,45a6fabf192242a9,ok,
119,profile-choice-beta,pgo-beta,pgo-alpha,4,BAAB,3,B,pgo-alpha,beta,20000000,2,59652416,62358247,45a6fabf192242a9,ok,
120,identity-steady,baseline,baseline-copy,4,BAAB,0,B,baseline-copy,alpha,20000000,2,48901197,51578749,738344c7b84fb861,ok,
121,identity-steady,baseline,baseline-copy,4,BAAB,1,A,baseline,alpha,20000000,2,48872029,51462360,738344c7b84fb861,ok,
122,identity-steady,baseline,baseline-copy,4,BAAB,2,A,baseline,alpha,20000000,2,48862617,51463958,738344c7b84fb861,ok,
123,identity-steady,baseline,baseline-copy,4,BAAB,3,B,baseline-copy,alpha,20000000,2,48857039,51502730,738344c7b84fb861,ok,
124,identity-startup,baseline,baseline-copy,4,BAAB,0,B,baseline-copy,noop,0,2,0,2371690,0000000000000002,ok,
125,identity-startup,baseline,baseline-copy,4,BAAB,1,A,baseline,noop,0,2,0,2007959,0000000000000002,ok,
126,identity-startup,baseline,baseline-copy,4,BAAB,2,A,baseline,noop,0,2,0,1919088,0000000000000002,ok,
127,identity-startup,baseline,baseline-copy,4,BAAB,3,B,baseline-copy,noop,0,2,0,1907188,0000000000000002,ok,
128,alpha-trained-beta,baseline,pgo-alpha,4,ABBA,0,A,baseline,beta,20000000,2,48865009,50999737,45a6fabf192242a9,ok,
129,alpha-trained-beta,baseline,pgo-alpha,4,ABBA,1,B,pgo-alpha,beta,20000000,2,54763992,57399144,45a6fabf192242a9,ok,
130,alpha-trained-beta,baseline,pgo-alpha,4,ABBA,2,B,pgo-alpha,beta,20000000,2,55829759,58488951,45a6fabf192242a9,ok,
131,alpha-trained-beta,baseline,pgo-alpha,4,ABBA,3,A,baseline,beta,20000000,2,48908888,51543019,45a6fabf192242a9,ok,
132,profile-choice-alpha,pgo-beta,pgo-alpha,4,ABBA,0,A,pgo-beta,alpha,20000000,2,54309372,56937513,738344c7b84fb861,ok,
133,profile-choice-alpha,pgo-beta,pgo-alpha,4,ABBA,1,B,pgo-alpha,alpha,20000000,2,54217932,56878512,738344c7b84fb861,ok,
134,profile-choice-alpha,pgo-beta,pgo-alpha,4,ABBA,2,B,pgo-alpha,alpha,20000000,2,54295241,56993313,738344c7b84fb861,ok,
135,profile-choice-alpha,pgo-beta,pgo-alpha,4,ABBA,3,A,pgo-beta,alpha,20000000,2,59723436,62379817,738344c7b84fb861,ok,
136,alpha-trained-startup,baseline,pgo-alpha,4,BAAB,0,B,pgo-alpha,noop,0,2,0,2456340,0000000000000002,ok,
137,alpha-trained-startup,baseline,pgo-alpha,4,BAAB,1,A,baseline,noop,0,2,0,1945768,0000000000000002,ok,
138,alpha-trained-startup,baseline,pgo-alpha,4,BAAB,2,A,baseline,noop,0,2,0,1944849,0000000000000002,ok,
139,alpha-trained-startup,baseline,pgo-alpha,4,BAAB,3,B,pgo-alpha,noop,0,2,0,1908678,0000000000000002,ok,
140,alpha-trained-startup,baseline,pgo-alpha,5,BAAB,0,B,pgo-alpha,noop,0,2,0,1907018,0000000000000002,ok,
141,alpha-trained-startup,baseline,pgo-alpha,5,BAAB,1,A,baseline,noop,0,2,0,1917218,0000000000000002,ok,
142,alpha-trained-startup,baseline,pgo-alpha,5,BAAB,2,A,baseline,noop,0,2,0,1898207,0000000000000002,ok,
143,alpha-trained-startup,baseline,pgo-alpha,5,BAAB,3,B,pgo-alpha,noop,0,2,0,1907978,0000000000000002,ok,
144,alpha-trained-alpha,baseline,pgo-alpha,5,ABBA,0,A,baseline,alpha,20000000,2,48815048,50948937,738344c7b84fb861,ok,
145,alpha-trained-alpha,baseline,pgo-alpha,5,ABBA,1,B,pgo-alpha,alpha,20000000,2,54318431,56906252,738344c7b84fb861,ok,
146,alpha-trained-alpha,baseline,pgo-alpha,5,ABBA,2,B,pgo-alpha,alpha,20000000,2,54612234,57263185,738344c7b84fb861,ok,
147,alpha-trained-alpha,baseline,pgo-alpha,5,ABBA,3,A,baseline,alpha,20000000,2,48866438,51521339,738344c7b84fb861,ok,
148,identity-startup,baseline,baseline-copy,5,ABBA,0,A,baseline,noop,0,2,0,2329190,0000000000000002,ok,
149,identity-startup,baseline,baseline-copy,5,ABBA,1,B,baseline-copy,noop,0,2,0,1979978,0000000000000002,ok,
150,identity-startup,baseline,baseline-copy,5,ABBA,2,B,baseline-copy,noop,0,2,0,1954818,0000000000000002,ok,
151,identity-startup,baseline,baseline-copy,5,ABBA,3,A,baseline,noop,0,2,0,2018019,0000000000000002,ok,
152,alpha-trained-beta,baseline,pgo-alpha,5,ABBA,0,A,baseline,beta,20000000,2,48807459,50925368,45a6fabf192242a9,ok,
153,alpha-trained-beta,baseline,pgo-alpha,5,ABBA,1,B,pgo-alpha,beta,20000000,2,58673919,61304411,45a6fabf192242a9,ok,
154,alpha-trained-beta,baseline,pgo-alpha,5,ABBA,2,B,pgo-alpha,beta,20000000,2,54266741,57132803,45a6fabf192242a9,ok,
155,alpha-trained-beta,baseline,pgo-alpha,5,ABBA,3,A,baseline,beta,20000000,2,48874929,51483940,45a6fabf192242a9,ok,
156,identity-steady,baseline,baseline-copy,5,BAAB,0,B,baseline-copy,alpha,20000000,2,48807608,51423359,738344c7b84fb861,ok,
157,identity-steady,baseline,baseline-copy,5,BAAB,1,A,baseline,alpha,20000000,2,48872930,51482901,738344c7b84fb861,ok,
158,identity-steady,baseline,baseline-copy,5,BAAB,2,A,baseline,alpha,20000000,2,48814348,51422229,738344c7b84fb861,ok,
159,identity-steady,baseline,baseline-copy,5,BAAB,3,B,baseline-copy,alpha,20000000,2,48963950,51603311,738344c7b84fb861,ok,
160,profile-choice-alpha,pgo-beta,pgo-alpha,5,ABBA,0,A,pgo-beta,alpha,20000000,2,59710734,62341565,738344c7b84fb861,ok,
161,profile-choice-alpha,pgo-beta,pgo-alpha,5,ABBA,1,B,pgo-alpha,alpha,20000000,2,54225161,56928163,738344c7b84fb861,ok,
162,profile-choice-alpha,pgo-beta,pgo-alpha,5,ABBA,2,B,pgo-alpha,alpha,20000000,2,54286682,57038414,738344c7b84fb861,ok,
163,profile-choice-alpha,pgo-beta,pgo-alpha,5,ABBA,3,A,pgo-beta,alpha,20000000,2,59679004,62338835,738344c7b84fb861,ok,
164,profile-choice-beta,pgo-beta,pgo-alpha,5,ABBA,0,A,pgo-beta,beta,20000000,2,54234012,56934514,45a6fabf192242a9,ok,
165,profile-choice-beta,pgo-beta,pgo-alpha,5,ABBA,1,B,pgo-alpha,beta,20000000,2,59707884,62525196,45a6fabf192242a9,ok,
166,profile-choice-beta,pgo-beta,pgo-alpha,5,ABBA,2,B,pgo-alpha,beta,20000000,2,59771544,62690797,45a6fabf192242a9,ok,
167,profile-choice-beta,pgo-beta,pgo-alpha,5,ABBA,3,A,pgo-beta,beta,20000000,2,54217412,56910844,45a6fabf192242a9,ok,
168,profile-choice-alpha,pgo-beta,pgo-alpha,6,BAAB,0,B,pgo-alpha,alpha,20000000,2,54299561,56934712,738344c7b84fb861,ok,
169,profile-choice-alpha,pgo-beta,pgo-alpha,6,BAAB,1,A,pgo-beta,alpha,20000000,2,54424393,57129995,738344c7b84fb861,ok,
170,profile-choice-alpha,pgo-beta,pgo-alpha,6,BAAB,2,A,pgo-beta,alpha,20000000,2,54211681,56868322,738344c7b84fb861,ok,
171,profile-choice-alpha,pgo-beta,pgo-alpha,6,BAAB,3,B,pgo-alpha,alpha,20000000,2,54514822,57158333,738344c7b84fb861,ok,
172,alpha-trained-startup,baseline,pgo-alpha,6,ABBA,0,A,baseline,noop,0,2,0,2435071,0000000000000002,ok,
173,alpha-trained-startup,baseline,pgo-alpha,6,ABBA,1,B,pgo-alpha,noop,0,2,0,2030419,0000000000000002,ok,
174,alpha-trained-startup,baseline,pgo-alpha,6,ABBA,2,B,pgo-alpha,noop,0,2,0,1909558,0000000000000002,ok,
175,alpha-trained-startup,baseline,pgo-alpha,6,ABBA,3,A,baseline,noop,0,2,0,1916248,0000000000000002,ok,
176,identity-startup,baseline,baseline-copy,6,BAAB,0,B,baseline-copy,noop,0,2,0,1928499,0000000000000002,ok,
177,identity-startup,baseline,baseline-copy,6,BAAB,1,A,baseline,noop,0,2,0,1913818,0000000000000002,ok,
178,identity-startup,baseline,baseline-copy,6,BAAB,2,A,baseline,noop,0,2,0,1900228,0000000000000002,ok,
179,identity-startup,baseline,baseline-copy,6,BAAB,3,B,baseline-copy,noop,0,2,0,1906718,0000000000000002,ok,
180,identity-steady,baseline,baseline-copy,6,ABBA,0,A,baseline,alpha,20000000,2,48881611,51026270,738344c7b84fb861,ok,
181,identity-steady,baseline,baseline-copy,6,ABBA,1,B,baseline-copy,alpha,20000000,2,48892651,51462512,738344c7b84fb861,ok,
182,identity-steady,baseline,baseline-copy,6,ABBA,2,B,baseline-copy,alpha,20000000,2,49124711,51704083,738344c7b84fb861,ok,
183,identity-steady,baseline,baseline-copy,6,ABBA,3,A,baseline,alpha,20000000,2,48886371,51559162,738344c7b84fb861,ok,
184,alpha-trained-beta,baseline,pgo-alpha,6,ABBA,0,A,baseline,beta,20000000,2,48792242,51417583,45a6fabf192242a9,ok,
185,alpha-trained-beta,baseline,pgo-alpha,6,ABBA,1,B,pgo-alpha,beta,20000000,2,54297384,56886215,45a6fabf192242a9,ok,
186,alpha-trained-beta,baseline,pgo-alpha,6,ABBA,2,B,pgo-alpha,beta,20000000,2,54539866,57233117,45a6fabf192242a9,ok,
187,alpha-trained-beta,baseline,pgo-alpha,6,ABBA,3,A,baseline,beta,20000000,2,48929252,51578603,45a6fabf192242a9,ok,
188,alpha-trained-alpha,baseline,pgo-alpha,6,BAAB,0,B,pgo-alpha,alpha,20000000,2,54310944,56920926,738344c7b84fb861,ok,
189,alpha-trained-alpha,baseline,pgo-alpha,6,BAAB,1,A,baseline,alpha,20000000,2,48869271,51557023,738344c7b84fb861,ok,
190,alpha-trained-alpha,baseline,pgo-alpha,6,BAAB,2,A,baseline,alpha,20000000,2,48867811,51420342,738344c7b84fb861,ok,
191,alpha-trained-alpha,baseline,pgo-alpha,6,BAAB,3,B,pgo-alpha,alpha,20000000,2,54310674,56881035,738344c7b84fb861,ok,
192,profile-choice-beta,pgo-beta,pgo-alpha,6,ABBA,0,A,pgo-beta,beta,20000000,2,54295196,56951037,45a6fabf192242a9,ok,
193,profile-choice-beta,pgo-beta,pgo-alpha,6,ABBA,1,B,pgo-alpha,beta,20000000,2,59648497,62312749,45a6fabf192242a9,ok,
194,profile-choice-beta,pgo-beta,pgo-alpha,6,ABBA,2,B,pgo-alpha,beta,20000000,2,54291916,57018657,45a6fabf192242a9,ok,
195,profile-choice-beta,pgo-beta,pgo-alpha,6,ABBA,3,A,pgo-beta,beta,20000000,2,54385204,57103806,45a6fabf192242a9,ok,
196,profile-choice-alpha,pgo-beta,pgo-alpha,7,BAAB,0,B,pgo-alpha,alpha,20000000,2,54294524,56901746,738344c7b84fb861,ok,
197,profile-choice-alpha,pgo-beta,pgo-alpha,7,BAAB,1,A,pgo-beta,alpha,20000000,2,54300684,56909016,738344c7b84fb861,ok,
198,profile-choice-alpha,pgo-beta,pgo-alpha,7,BAAB,2,A,pgo-beta,alpha,20000000,2,59938849,62637320,738344c7b84fb861,ok,
199,profile-choice-alpha,pgo-beta,pgo-alpha,7,BAAB,3,B,pgo-alpha,alpha,20000000,2,54339494,57009446,738344c7b84fb861,ok,
200,profile-choice-beta,pgo-beta,pgo-alpha,7,ABBA,0,A,pgo-beta,beta,20000000,2,54273764,56933075,45a6fabf192242a9,ok,
201,profile-choice-beta,pgo-beta,pgo-alpha,7,ABBA,1,B,pgo-alpha,beta,20000000,2,54226724,56913746,45a6fabf192242a9,ok,
202,profile-choice-beta,pgo-beta,pgo-alpha,7,ABBA,2,B,pgo-alpha,beta,20000000,2,54311934,56967026,45a6fabf192242a9,ok,
203,profile-choice-beta,pgo-beta,pgo-alpha,7,ABBA,3,A,pgo-beta,beta,20000000,2,54282094,56922285,45a6fabf192242a9,ok,
204,alpha-trained-beta,baseline,pgo-alpha,7,ABBA,0,A,baseline,beta,20000000,2,48908962,51600493,45a6fabf192242a9,ok,
205,alpha-trained-beta,baseline,pgo-alpha,7,ABBA,1,B,pgo-alpha,beta,20000000,2,54258644,56882505,45a6fabf192242a9,ok,
206,alpha-trained-beta,baseline,pgo-alpha,7,ABBA,2,B,pgo-alpha,beta,20000000,2,59720138,62360430,45a6fabf192242a9,ok,
207,alpha-trained-beta,baseline,pgo-alpha,7,ABBA,3,A,baseline,beta,20000000,2,48868821,51592522,45a6fabf192242a9,ok,
208,identity-startup,baseline,baseline-copy,7,BAAB,0,B,baseline-copy,noop,0,2,0,2423750,0000000000000002,ok,
209,identity-startup,baseline,baseline-copy,7,BAAB,1,A,baseline,noop,0,2,0,1916798,0000000000000002,ok,
210,identity-startup,baseline,baseline-copy,7,BAAB,2,A,baseline,noop,0,2,0,1930258,0000000000000002,ok,
211,identity-startup,baseline,baseline-copy,7,BAAB,3,B,baseline-copy,noop,0,2,0,1937568,0000000000000002,ok,
212,alpha-trained-startup,baseline,pgo-alpha,7,ABBA,0,A,baseline,noop,0,2,0,1899618,0000000000000002,ok,
213,alpha-trained-startup,baseline,pgo-alpha,7,ABBA,1,B,pgo-alpha,noop,0,2,0,1897798,0000000000000002,ok,
214,alpha-trained-startup,baseline,pgo-alpha,7,ABBA,2,B,pgo-alpha,noop,0,2,0,1917419,0000000000000002,ok,
215,alpha-trained-startup,baseline,pgo-alpha,7,ABBA,3,A,baseline,noop,0,2,0,1898148,0000000000000002,ok,
216,alpha-trained-alpha,baseline,pgo-alpha,7,ABBA,0,A,baseline,alpha,20000000,2,48791531,50961901,738344c7b84fb861,ok,
217,alpha-trained-alpha,baseline,pgo-alpha,7,ABBA,1,B,pgo-alpha,alpha,20000000,2,54294724,56882965,738344c7b84fb861,ok,
218,alpha-trained-alpha,baseline,pgo-alpha,7,ABBA,2,B,pgo-alpha,alpha,20000000,2,54587816,57238757,738344c7b84fb861,ok,
219,alpha-trained-alpha,baseline,pgo-alpha,7,ABBA,3,A,baseline,alpha,20000000,2,48919192,51596863,738344c7b84fb861,ok,
220,identity-steady,baseline,baseline-copy,7,ABBA,0,A,baseline,alpha,20000000,2,48949951,51514082,738344c7b84fb861,ok,
221,identity-steady,baseline,baseline-copy,7,ABBA,1,B,baseline-copy,alpha,20000000,2,48794600,51411501,738344c7b84fb861,ok,
222,identity-steady,baseline,baseline-copy,7,ABBA,2,B,baseline-copy,alpha,20000000,2,48864062,51485603,738344c7b84fb861,ok,
223,identity-steady,baseline,baseline-copy,7,ABBA,3,A,baseline,alpha,20000000,2,49048541,51654672,738344c7b84fb861,ok,
224,identity-steady,baseline,baseline-copy,8,ABBA,0,A,baseline,alpha,20000000,2,48843831,51433862,738344c7b84fb861,ok,
225,identity-steady,baseline,baseline-copy,8,ABBA,1,B,baseline-copy,alpha,20000000,2,48875432,51465393,738344c7b84fb861,ok,
226,identity-steady,baseline,baseline-copy,8,ABBA,2,B,baseline-copy,alpha,20000000,2,48871251,51431912,738344c7b84fb861,ok,
227,identity-steady,baseline,baseline-copy,8,ABBA,3,A,baseline,alpha,20000000,2,48872681,51464092,738344c7b84fb861,ok,
228,identity-startup,baseline,baseline-copy,8,ABBA,0,A,baseline,noop,0,2,0,2397970,0000000000000002,ok,
229,identity-startup,baseline,baseline-copy,8,ABBA,1,B,baseline-copy,noop,0,2,0,1958499,0000000000000002,ok,
230,identity-startup,baseline,baseline-copy,8,ABBA,2,B,baseline-copy,noop,0,2,0,1911968,0000000000000002,ok,
231,identity-startup,baseline,baseline-copy,8,ABBA,3,A,baseline,noop,0,2,0,1917798,0000000000000002,ok,
232,profile-choice-alpha,pgo-beta,pgo-alpha,8,BAAB,0,B,pgo-alpha,alpha,20000000,2,54296056,56439675,738344c7b84fb861,ok,
233,profile-choice-alpha,pgo-beta,pgo-alpha,8,BAAB,1,A,pgo-beta,alpha,20000000,2,54492415,57099756,738344c7b84fb861,ok,
234,profile-choice-alpha,pgo-beta,pgo-alpha,8,BAAB,2,A,pgo-beta,alpha,20000000,2,54513366,57193408,738344c7b84fb861,ok,
235,profile-choice-alpha,pgo-beta,pgo-alpha,8,BAAB,3,B,pgo-alpha,alpha,20000000,2,54220643,56916015,738344c7b84fb861,ok,
236,profile-choice-beta,pgo-beta,pgo-alpha,8,ABBA,0,A,pgo-beta,beta,20000000,2,54356405,56982836,45a6fabf192242a9,ok,
237,profile-choice-beta,pgo-beta,pgo-alpha,8,ABBA,1,B,pgo-alpha,beta,20000000,2,54294545,56979947,45a6fabf192242a9,ok,
238,profile-choice-beta,pgo-beta,pgo-alpha,8,ABBA,2,B,pgo-alpha,beta,20000000,2,59645747,62314509,45a6fabf192242a9,ok,
239,profile-choice-beta,pgo-beta,pgo-alpha,8,ABBA,3,A,pgo-beta,beta,20000000,2,54338695,56993476,45a6fabf192242a9,ok,
240,alpha-trained-beta,baseline,pgo-alpha,8,ABBA,0,A,baseline,beta,20000000,2,48872021,51554372,45a6fabf192242a9,ok,
241,alpha-trained-beta,baseline,pgo-alpha,8,ABBA,1,B,pgo-alpha,beta,20000000,2,54218654,56815126,45a6fabf192242a9,ok,
242,alpha-trained-beta,baseline,pgo-alpha,8,ABBA,2,B,pgo-alpha,beta,20000000,2,59774418,62460439,45a6fabf192242a9,ok,
243,alpha-trained-beta,baseline,pgo-alpha,8,ABBA,3,A,baseline,beta,20000000,2,48874141,51561342,45a6fabf192242a9,ok,
244,alpha-trained-alpha,baseline,pgo-alpha,8,BAAB,0,B,pgo-alpha,alpha,20000000,2,54273065,56883936,738344c7b84fb861,ok,
245,alpha-trained-alpha,baseline,pgo-alpha,8,BAAB,1,A,baseline,alpha,20000000,2,48904050,51531703,738344c7b84fb861,ok,
246,alpha-trained-alpha,baseline,pgo-alpha,8,BAAB,2,A,baseline,alpha,20000000,2,49186583,51832354,738344c7b84fb861,ok,
247,alpha-trained-alpha,baseline,pgo-alpha,8,BAAB,3,B,pgo-alpha,alpha,20000000,2,54212204,56887996,738344c7b84fb861,ok,
248,alpha-trained-startup,baseline,pgo-alpha,8,ABBA,0,A,baseline,noop,0,2,0,2369400,0000000000000002,ok,
249,alpha-trained-startup,baseline,pgo-alpha,8,ABBA,1,B,pgo-alpha,noop,0,2,0,1952828,0000000000000002,ok,
250,alpha-trained-startup,baseline,pgo-alpha,8,ABBA,2,B,pgo-alpha,noop,0,2,0,1965199,0000000000000002,ok,
251,alpha-trained-startup,baseline,pgo-alpha,8,ABBA,3,A,baseline,noop,0,2,0,1904688,0000000000000002,ok,
252,alpha-trained-beta,baseline,pgo-alpha,9,BAAB,0,B,pgo-alpha,beta,20000000,2,59719789,61880528,45a6fabf192242a9,ok,
253,alpha-trained-beta,baseline,pgo-alpha,9,BAAB,1,A,baseline,beta,20000000,2,48822770,51486362,45a6fabf192242a9,ok,
254,alpha-trained-beta,baseline,pgo-alpha,9,BAAB,2,A,baseline,beta,20000000,2,48993091,51581492,45a6fabf192242a9,ok,
255,alpha-trained-beta,baseline,pgo-alpha,9,BAAB,3,B,pgo-alpha,beta,20000000,2,54343125,56917476,45a6fabf192242a9,ok,
256,alpha-trained-startup,baseline,pgo-alpha,9,BAAB,0,B,pgo-alpha,noop,0,2,0,2412231,0000000000000002,ok,
257,alpha-trained-startup,baseline,pgo-alpha,9,BAAB,1,A,baseline,noop,0,2,0,1932408,0000000000000002,ok,
258,alpha-trained-startup,baseline,pgo-alpha,9,BAAB,2,A,baseline,noop,0,2,0,1916719,0000000000000002,ok,
259,alpha-trained-startup,baseline,pgo-alpha,9,BAAB,3,B,pgo-alpha,noop,0,2,0,1897239,0000000000000002,ok,
260,identity-steady,baseline,baseline-copy,9,ABBA,0,A,baseline,alpha,20000000,2,48874891,51033990,738344c7b84fb861,ok,
261,identity-steady,baseline,baseline-copy,9,ABBA,1,B,baseline-copy,alpha,20000000,2,49004581,51574452,738344c7b84fb861,ok,
262,identity-steady,baseline,baseline-copy,9,ABBA,2,B,baseline-copy,alpha,20000000,2,48874762,51416383,738344c7b84fb861,ok,
263,identity-steady,baseline,baseline-copy,9,ABBA,3,A,baseline,alpha,20000000,2,48810671,51436493,738344c7b84fb861,ok,
264,identity-startup,baseline,baseline-copy,9,BAAB,0,B,baseline-copy,noop,0,2,0,2729952,0000000000000002,ok,
265,identity-startup,baseline,baseline-copy,9,BAAB,1,A,baseline,noop,0,2,0,2301260,0000000000000002,ok,
266,identity-startup,baseline,baseline-copy,9,BAAB,2,A,baseline,noop,0,2,0,2148889,0000000000000002,ok,
267,identity-startup,baseline,baseline-copy,9,BAAB,3,B,baseline-copy,noop,0,2,0,2108619,0000000000000002,ok,
268,profile-choice-beta,pgo-beta,pgo-alpha,9,BAAB,0,B,pgo-alpha,beta,20000000,2,59709909,62026398,45a6fabf192242a9,ok,
269,profile-choice-beta,pgo-beta,pgo-alpha,9,BAAB,1,A,pgo-beta,beta,20000000,2,54303984,57090516,45a6fabf192242a9,ok,
270,profile-choice-beta,pgo-beta,pgo-alpha,9,BAAB,2,A,pgo-beta,beta,20000000,2,54424935,57168137,45a6fabf192242a9,ok,
271,profile-choice-beta,pgo-beta,pgo-alpha,9,BAAB,3,B,pgo-alpha,beta,20000000,2,59807428,62457080,45a6fabf192242a9,ok,
272,alpha-trained-alpha,baseline,pgo-alpha,9,ABBA,0,A,baseline,alpha,20000000,2,48877961,51543692,738344c7b84fb861,ok,
273,alpha-trained-alpha,baseline,pgo-alpha,9,ABBA,1,B,pgo-alpha,alpha,20000000,2,54237046,56785546,738344c7b84fb861,ok,
274,alpha-trained-alpha,baseline,pgo-alpha,9,ABBA,2,B,pgo-alpha,alpha,20000000,2,54272383,57130736,738344c7b84fb861,ok,
275,alpha-trained-alpha,baseline,pgo-alpha,9,ABBA,3,A,baseline,alpha,20000000,2,48921511,51599673,738344c7b84fb861,ok,
276,profile-choice-alpha,pgo-beta,pgo-alpha,9,ABBA,0,A,pgo-beta,alpha,20000000,2,59709818,62296780,738344c7b84fb861,ok,
277,profile-choice-alpha,pgo-beta,pgo-alpha,9,ABBA,1,B,pgo-alpha,alpha,20000000,2,54247813,56992156,738344c7b84fb861,ok,
278,profile-choice-alpha,pgo-beta,pgo-alpha,9,ABBA,2,B,pgo-alpha,alpha,20000000,2,54264395,56897097,738344c7b84fb861,ok,
279,profile-choice-alpha,pgo-beta,pgo-alpha,9,ABBA,3,A,pgo-beta,alpha,20000000,2,59775817,62310499,738344c7b84fb861,ok,
280,alpha-trained-beta,baseline,pgo-alpha,10,BAAB,0,B,pgo-alpha,beta,20000000,2,59644478,62307740,45a6fabf192242a9,ok,
281,alpha-trained-beta,baseline,pgo-alpha,10,BAAB,1,A,baseline,beta,20000000,2,49075601,51725763,45a6fabf192242a9,ok,
282,alpha-trained-beta,baseline,pgo-alpha,10,BAAB,2,A,baseline,beta,20000000,2,48863521,51406103,45a6fabf192242a9,ok,
283,alpha-trained-beta,baseline,pgo-alpha,10,BAAB,3,B,pgo-alpha,beta,20000000,2,54331524,56929986,45a6fabf192242a9,ok,
284,alpha-trained-startup,baseline,pgo-alpha,10,BAAB,0,B,pgo-alpha,noop,0,2,0,2372390,0000000000000002,ok,
285,alpha-trained-startup,baseline,pgo-alpha,10,BAAB,1,A,baseline,noop,0,2,0,1935738,0000000000000002,ok,
286,alpha-trained-startup,baseline,pgo-alpha,10,BAAB,2,A,baseline,noop,0,2,0,1913189,0000000000000002,ok,
287,alpha-trained-startup,baseline,pgo-alpha,10,BAAB,3,B,pgo-alpha,noop,0,2,0,1916798,0000000000000002,ok,
288,alpha-trained-alpha,baseline,pgo-alpha,10,BAAB,0,B,pgo-alpha,alpha,20000000,2,54463316,56636495,738344c7b84fb861,ok,
289,alpha-trained-alpha,baseline,pgo-alpha,10,BAAB,1,A,baseline,alpha,20000000,2,49003961,51674992,738344c7b84fb861,ok,
290,alpha-trained-alpha,baseline,pgo-alpha,10,BAAB,2,A,baseline,alpha,20000000,2,48849700,51436871,738344c7b84fb861,ok,
291,alpha-trained-alpha,baseline,pgo-alpha,10,BAAB,3,B,pgo-alpha,alpha,20000000,2,54231715,56840696,738344c7b84fb861,ok,
292,identity-startup,baseline,baseline-copy,10,ABBA,0,A,baseline,noop,0,2,0,2462980,0000000000000002,ok,
293,identity-startup,baseline,baseline-copy,10,ABBA,1,B,baseline-copy,noop,0,2,0,1987298,0000000000000002,ok,
294,identity-startup,baseline,baseline-copy,10,ABBA,2,B,baseline-copy,noop,0,2,0,1925268,0000000000000002,ok,
295,identity-startup,baseline,baseline-copy,10,ABBA,3,A,baseline,noop,0,2,0,1960669,0000000000000002,ok,
296,profile-choice-beta,pgo-beta,pgo-alpha,10,ABBA,0,A,pgo-beta,beta,20000000,2,54272414,56449043,45a6fabf192242a9,ok,
297,profile-choice-beta,pgo-beta,pgo-alpha,10,ABBA,1,B,pgo-alpha,beta,20000000,2,54575136,57254848,45a6fabf192242a9,ok,
298,profile-choice-beta,pgo-beta,pgo-alpha,10,ABBA,2,B,pgo-alpha,beta,20000000,2,54275003,56993616,45a6fabf192242a9,ok,
299,profile-choice-beta,pgo-beta,pgo-alpha,10,ABBA,3,A,pgo-beta,beta,20000000,2,54214755,56875136,45a6fabf192242a9,ok,
300,profile-choice-alpha,pgo-beta,pgo-alpha,10,BAAB,0,B,pgo-alpha,alpha,20000000,2,54365805,57048066,738344c7b84fb861,ok,
301,profile-choice-alpha,pgo-beta,pgo-alpha,10,BAAB,1,A,pgo-beta,alpha,20000000,2,59917389,62655071,738344c7b84fb861,ok,
302,profile-choice-alpha,pgo-beta,pgo-alpha,10,BAAB,2,A,pgo-beta,alpha,20000000,2,59639497,62344819,738344c7b84fb861,ok,
303,profile-choice-alpha,pgo-beta,pgo-alpha,10,BAAB,3,B,pgo-alpha,alpha,20000000,2,54409116,57065027,738344c7b84fb861,ok,
304,identity-steady,baseline,baseline-copy,10,BAAB,0,B,baseline-copy,alpha,20000000,2,48837901,51513093,738344c7b84fb861,ok,
305,identity-steady,baseline,baseline-copy,10,BAAB,1,A,baseline,alpha,20000000,2,48828290,51431761,738344c7b84fb861,ok,
306,identity-steady,baseline,baseline-copy,10,BAAB,2,A,baseline,alpha,20000000,2,48924551,51510022,738344c7b84fb861,ok,
307,identity-steady,baseline,baseline-copy,10,BAAB,3,B,baseline-copy,alpha,20000000,2,48812641,51439142,738344c7b84fb861,ok,
308,profile-choice-beta,pgo-beta,pgo-alpha,11,ABBA,0,A,pgo-beta,beta,20000000,2,54296095,56882816,45a6fabf192242a9,ok,
309,profile-choice-beta,pgo-beta,pgo-alpha,11,ABBA,1,B,pgo-alpha,beta,20000000,2,59708207,62354058,45a6fabf192242a9,ok,
310,profile-choice-beta,pgo-beta,pgo-alpha,11,ABBA,2,B,pgo-alpha,beta,20000000,2,54288244,56966637,45a6fabf192242a9,ok,
311,profile-choice-beta,pgo-beta,pgo-alpha,11,ABBA,3,A,pgo-beta,beta,20000000,2,54277193,56983115,45a6fabf192242a9,ok,
312,identity-steady,baseline,baseline-copy,11,ABBA,0,A,baseline,alpha,20000000,2,48849222,51491573,738344c7b84fb861,ok,
313,identity-steady,baseline,baseline-copy,11,ABBA,1,B,baseline-copy,alpha,20000000,2,48803221,51459682,738344c7b84fb861,ok,
314,identity-steady,baseline,baseline-copy,11,ABBA,2,B,baseline-copy,alpha,20000000,2,48900551,51491032,738344c7b84fb861,ok,
315,identity-steady,baseline,baseline-copy,11,ABBA,3,A,baseline,alpha,20000000,2,48950311,51530842,738344c7b84fb861,ok,
316,alpha-trained-alpha,baseline,pgo-alpha,11,ABBA,0,A,baseline,alpha,20000000,2,48858301,51439213,738344c7b84fb861,ok,
317,alpha-trained-alpha,baseline,pgo-alpha,11,ABBA,1,B,pgo-alpha,alpha,20000000,2,54229064,56880165,738344c7b84fb861,ok,
318,alpha-trained-alpha,baseline,pgo-alpha,11,ABBA,2,B,pgo-alpha,alpha,20000000,2,54514136,57164877,738344c7b84fb861,ok,
319,alpha-trained-alpha,baseline,pgo-alpha,11,ABBA,3,A,baseline,alpha,20000000,2,48872271,51474702,738344c7b84fb861,ok,
320,alpha-trained-beta,baseline,pgo-alpha,11,ABBA,0,A,baseline,beta,20000000,2,48805311,51410402,45a6fabf192242a9,ok,
321,alpha-trained-beta,baseline,pgo-alpha,11,ABBA,1,B,pgo-alpha,beta,20000000,2,54882348,57564950,45a6fabf192242a9,ok,
322,alpha-trained-beta,baseline,pgo-alpha,11,ABBA,2,B,pgo-alpha,beta,20000000,2,59701608,62364879,45a6fabf192242a9,ok,
323,alpha-trained-beta,baseline,pgo-alpha,11,ABBA,3,A,baseline,beta,20000000,2,48799761,51454073,45a6fabf192242a9,ok,
324,identity-startup,baseline,baseline-copy,11,BAAB,0,B,baseline-copy,noop,0,2,0,2418391,0000000000000002,ok,
325,identity-startup,baseline,baseline-copy,11,BAAB,1,A,baseline,noop,0,2,0,1948019,0000000000000002,ok,
326,identity-startup,baseline,baseline-copy,11,BAAB,2,A,baseline,noop,0,2,0,1913889,0000000000000002,ok,
327,identity-startup,baseline,baseline-copy,11,BAAB,3,B,baseline-copy,noop,0,2,0,1916269,0000000000000002,ok,
328,profile-choice-alpha,pgo-beta,pgo-alpha,11,ABBA,0,A,pgo-beta,alpha,20000000,2,59706617,61886916,738344c7b84fb861,ok,
329,profile-choice-alpha,pgo-beta,pgo-alpha,11,ABBA,1,B,pgo-alpha,alpha,20000000,2,54651687,57358168,738344c7b84fb861,ok,
330,profile-choice-alpha,pgo-beta,pgo-alpha,11,ABBA,2,B,pgo-alpha,alpha,20000000,2,54290884,56916935,738344c7b84fb861,ok,
331,profile-choice-alpha,pgo-beta,pgo-alpha,11,ABBA,3,A,pgo-beta,alpha,20000000,2,54331384,56934806,738344c7b84fb861,ok,
332,alpha-trained-startup,baseline,pgo-alpha,11,ABBA,0,A,baseline,noop,0,2,0,2431561,0000000000000002,ok,
333,alpha-trained-startup,baseline,pgo-alpha,11,ABBA,1,B,pgo-alpha,noop,0,2,0,1978339,0000000000000002,ok,
334,alpha-trained-startup,baseline,pgo-alpha,11,ABBA,2,B,pgo-alpha,noop,0,2,0,1921769,0000000000000002,ok,
335,alpha-trained-startup,baseline,pgo-alpha,11,ABBA,3,A,baseline,noop,0,2,0,1962998,0000000000000002,ok,
